"","Indicator","Dataset","Indicator_Name","answer","Display_Name","Indicator_Id","Value_Type_Slug","Value_Type_Descriptor","Units","Rank_1","Category_11","Category_12","Category_13","Category_14","Category_15","Rank_2","Category_21","Category_22","Category_23","Category_24","Category_25","Rank_3","Category_31","Category_32","Category_33","Category_34","overlap","Indicator_Code","Description"
"1"," expenditure from contingency reseres-PEFA-Total","PEFA","iii  Expenditure from contingency reseres","Total","iii  Expenditure from contingency reseres","116-PEFA-Total",NA,NA,NA,NA,NA,NA,NA,NA,NA,NA,NA,NA,NA,NA,NA,NA,NA,NA,NA,NA,"","",""
"2"," fiscal forecasts-PEFA-Total","PEFA","ii  Fiscal forecasts","Total","ii  Fiscal forecasts","151-PEFA-Total",NA,NA,NA,NA,NA,NA,NA,NA,NA,NA,NA,NA,NA,NA,NA,NA,NA,NA,NA,NA,"","",""
"3"," internal audit actiity and reporting-PEFA-Total","PEFA","iii  Internal audit actiity and reporting","Total","iii  Internal audit actiity and reporting","230-PEFA-Total",NA,NA,NA,NA,NA,NA,NA,NA,NA,NA,NA,NA,NA,NA,NA,NA,NA,NA,NA,NA,"","",""
"4"," legislatie procedures for budget scrutiny-PEFA-Total","PEFA","ii  Legislatie procedures for budget scrutiny","Total","ii  Legislatie procedures for budget scrutiny","168-PEFA-Total",NA,NA,NA,NA,NA,NA,NA,NA,NA,NA,NA,NA,NA,NA,NA,NA,NA,NA,NA,NA,"","",""
"5"," mediumterm expenditure estimates-PEFA-Total","PEFA","i  Mediumterm expenditure estimates","Total","i  Mediumterm expenditure estimates","158-PEFA-Total",NA,NA,NA,NA,NA,NA,NA,NA,NA,NA,NA,NA,NA,NA,NA,NA,NA,NA,NA,NA,"","",""
"6"," reenue accounts reconciliation-PEFA-Total","PEFA","iii  Reenue accounts reconciliation","Total","iii  Reenue accounts reconciliation","179-PEFA-Total",NA,NA,NA,NA,NA,NA,NA,NA,NA,NA,NA,NA,NA,NA,NA,NA,NA,NA,NA,NA,"","",""
"7"," reenue arrears monitoring-PEFA-Total","PEFA","i  Reenue arrears monitoring","Total","i  Reenue arrears monitoring","175-PEFA-Total",NA,NA,NA,NA,NA,NA,NA,NA,NA,NA,NA,NA,NA,NA,NA,NA,NA,NA,NA,NA,"","",""
"8"," timing of budget approal-PEFA-Total","PEFA","iii  Timing of budget approal","Total","iii  Timing of budget approal","169-PEFA-Total",NA,NA,NA,NA,NA,NA,NA,NA,NA,NA,NA,NA,NA,NA,NA,NA,NA,NA,NA,NA,"","",""
"9","accounting for reenues-PEFA-Total","PEFA","Accounting for reenues","Total","Accounting for reenues","176-PEFA-Total",NA,NA,NA,NA,NA,NA,NA,NA,NA,NA,NA,NA,NA,NA,NA,NA,NA,NA,NA,NA,"","",""
"10","accounting standards used-PEFA-Total","PEFA","iii Accounting standards used","Total","iii Accounting standards used","85-PEFA-Total","1 D 1.5 D+ 2 C 2.5 C+ 3 B 3.5 B+ 4 A","1 D 1.5 D+ 2 C 2.5 C+ 3 B 3.5 B+ 4 A","Encoded Values",4.667,"Public Sector Management","Public Expenditure Management","Other","Accounting standards used (iii)","",NA,"","","","","",NA,"","","","","","",""
"11","accounting standards-PEFA-Total","PEFA","iii Accounting standards","Total","iii Accounting standards","213-PEFA-Total",NA,NA,NA,NA,NA,NA,NA,NA,NA,NA,NA,NA,NA,NA,NA,NA,NA,NA,NA,NA,"","",""
"12","actual domestic revenue collection compared to domestic revenue in the originally approved budget-PEFA-Total","PEFA","i Actual domestic revenue collection compared to domestic revenue in the originally approved budget","Total","i Actual domestic revenue collection compared to domestic revenue in the originally approved budget","7-PEFA-Total","1 D 1.5 D+ 2 C 2.5 C+ 3 B 3.5 B+ 4 A","1 D 1.5 D+ 2 C 2.5 C+ 3 B 3.5 B+ 4 A","Encoded Values",4.082,"Public Sector Management","Public Expenditure Management","Other","Actual domestic revenue collection compared to domestic revenue in the originally approved budget","",NA,"","","","","",NA,"","","","","","",""
"13","adance accounts-PEFA-Total","PEFA","iii Adance accounts","Total","iii Adance accounts","204-PEFA-Total",NA,NA,NA,NA,NA,NA,NA,NA,NA,NA,NA,NA,NA,NA,NA,NA,NA,NA,NA,NA,"","",""
"14","adequacy of time for the legislature to provide a response to budget proposals both the detailed estimates and where applicable for proposals on macro-fiscal aggregates earlier in the budget preparation cycyle time allowed in practice for all stages combined-PEFA-Total","PEFA","iii Adequacy of time for the legislature to provide a response to budget proposals both the detailed estimates and where applicable for proposals on macrofiscal aggregates earlier in the budget preparation cycyle time allowed in practice for all stages combined","Total","iii Adequacy of time for the legislature to provide a response to budget proposals both the detailed estimates and where applicable for proposals on macrofiscal aggregates earlier in the budget preparation cycyle time allowed in practice for all stages combined","93-PEFA-Total",NA,NA,NA,NA,NA,NA,NA,NA,NA,NA,NA,NA,NA,NA,NA,NA,NA,NA,NA,NA,"","",""
"15","aggregate expenditure out-turn compared to original approved budget-PEFA-Total","PEFA","Aggregate expenditure outturn compared to original approved budget","Total","Aggregate expenditure outturn compared to original approved budget","1-PEFA-Total","1 D 1.5 D+ 2 C 2.5 C+ 3 B 3.5 B+ 4 A","1 D 1.5 D+ 2 C 2.5 C+ 3 B 3.5 B+ 4 A","Encoded Values",4.946,"Public Sector Management","Public Expenditure Management","Other","Aggregate expenditure out-turn compared to original approved budget","",NA,"","","","","",NA,"","","","","","",""
"16","aggregate expenditure out-turn-PEFA-Total","PEFA","Aggregate expenditure outturn","Total","Aggregate expenditure outturn","112-PEFA-Total",NA,NA,NA,NA,NA,NA,NA,NA,NA,NA,NA,NA,NA,NA,NA,NA,NA,NA,NA,NA,"","",""
"17","aggregate revenue out-turn compared to original approved budget-PEFA-Total","PEFA","Aggregate revenue outturn compared to original approved budget","Total","Aggregate revenue outturn compared to original approved budget","6-PEFA-Total","1 D 1.5 D+ 2 C 2.5 C+ 3 B 3.5 B+ 4 A","1 D 1.5 D+ 2 C 2.5 C+ 3 B 3.5 B+ 4 A","Encoded Values",5.042,"Public Sector Management","Public Expenditure Management","Other","Aggregate revenue out-turn compared to original approved budget¥Ë_","",NA,"","","","","",NA,"","","","","","",""
"18","agregate reenue out-turn-PEFA-Total","PEFA","i Agregate reenue outturn","Total","i Agregate reenue outturn","118-PEFA-Total",NA,NA,NA,NA,NA,NA,NA,NA,NA,NA,NA,NA,NA,NA,NA,NA,NA,NA,NA,NA,"","",""
"19","alignment of strategic plans and mediumterm budgets-PEFA-Total","PEFA","iii Alignment of strategic plans and mediumterm budgets","Total","iii Alignment of strategic plans and mediumterm budgets","160-PEFA-Total",NA,NA,NA,NA,NA,NA,NA,NA,NA,NA,NA,NA,NA,NA,NA,NA,NA,NA,NA,NA,"","",""
"20","annual deviation of actual budget support from the forecast provided by the donor agencies at least six weeks prior to the government submitting its budget proposals to the legislature or equivalent approving body-PEFA-Total","PEFA","i Annual deviation of actual budget support from the forecast provided by the donor agencies at least six weeks prior to the government submitting its budget proposals to the legislature or equivalent approving body","Total","i Annual deviation of actual budget support from the forecast provided by the donor agencies at least six weeks prior to the government submitting its budget proposals to the legislature or equivalent approving body","100-PEFA-Total","1 D 1.5 D+ 2 C 2.5 C+ 3 B 3.5 B+ 4 A","1 D 1.5 D+ 2 C 2.5 C+ 3 B 3.5 B+ 4 A","Encoded Values",4.712,"Public Sector Management","Public Expenditure Management","Other","Annual deviation of actual budget support from the forecast provided by the donor agencies at least six weeks prior to the government submitting its budget proposals to the legislature/equivalent (i)","",NA,"","","","","",NA,"","","","","","",""
"21","annual deviation of actual total hlg transfers from the original total estimated amount provided by hlg to the sn entity for inclusion in the latter's budget-PEFA-Total","PEFA","i Annual deviation of actual total HLG transfers from the original total estimated amount provided by HLG to the SN entity for inclusion in the latter’s budget","Total","i Annual deviation of actual total HLG transfers from the original total estimated amount provided by HLG to the SN entity for inclusion in the latter’s budget","109-PEFA-Total","1 D 1.5 D+ 2 C 2.5 C+ 3 B 3.5 B+ 4 A","1 D 1.5 D+ 2 C 2.5 C+ 3 B 3.5 B+ 4 A","Encoded Values",4.019,"Public Sector Management","Public Expenditure Management","Other","Annual deviation of actual total HLG transfers from the original total estimated amount provided by HLG to the SN entity for inclusion in the latter's budget (i)¥Ë_","",NA,"","","","","",NA,"","","","","","",""
"22","annual financial reports-PEFA-Total","PEFA","Annual financial reports","Total","Annual financial reports","210-PEFA-Total",NA,NA,NA,NA,NA,NA,NA,NA,NA,NA,NA,NA,NA,NA,NA,NA,NA,NA,NA,NA,"","",""
"23","annual variance between actual and estimated transfers of earmarked grants-PEFA-Total","PEFA","ii Annual variance between actual and estimated transfers of earmarked grants","Total","ii Annual variance between actual and estimated transfers of earmarked grants","110-PEFA-Total","1 D 1.5 D+ 2 C 2.5 C+ 3 B 3.5 B+ 4 A","1 D 1.5 D+ 2 C 2.5 C+ 3 B 3.5 B+ 4 A","Encoded Values",4.142,"Public Sector Management","Public Expenditure Management","Other","Annual variance between actual and estimated transfers of earmarked grants (ii)","",NA,"","","","","",NA,"","","","","","",""
"24","approal of debt and guarantees-PEFA-Total","PEFA","ii Approal of debt and guarantees","Total","ii Approal of debt and guarantees","147-PEFA-Total",NA,NA,NA,NA,NA,NA,NA,NA,NA,NA,NA,NA,NA,NA,NA,NA,NA,NA,NA,NA,"","",""
"25","availability of data for monitoring the stock of expenditure payment arrears-PEFA-Total","PEFA","ii Availability of data for monitoring the stock of expenditure payment arrears","Total","ii Availability of data for monitoring the stock of expenditure payment arrears","10-PEFA-Total","1 D 1.5 D+ 2 C 2.5 C+ 3 B 3.5 B+ 4 A","1 D 1.5 D+ 2 C 2.5 C+ 3 B 3.5 B+ 4 A","Encoded Values",4.741,"Public Sector Management","Public Expenditure Management","Other","Availability of data for monitoring the stock of expenditure payment arrears (ii)","",NA,"","","","","",NA,"","","","","","",""
"26","availability of information on resources received by service delivery units-PEFA-Total","PEFA","Availability of information on resources received by service delivery units","Total","Availability of information on resources received by service delivery units","76-PEFA-Total","1 D 1.5 D+ 2 C 2.5 C+ 3 B 3.5 B+ 4 A","1 D 1.5 D+ 2 C 2.5 C+ 3 B 3.5 B+ 4 A","Encoded Values",4.964,"Public Sector Management","Public Expenditure Management","Other","Availability of information on resources received by service delivery units","",NA,"","","","","",NA,"","","","","","",""
"27","budget calendar-PEFA-Total","PEFA","i Budget calendar","Total","i Budget calendar","163-PEFA-Total",NA,NA,NA,NA,NA,NA,NA,NA,NA,NA,NA,NA,NA,NA,NA,NA,NA,NA,NA,NA,"","",""
"28","budget classification-PEFA-Total","PEFA","Budget Classification","Total","Budget Classification","120-PEFA-Total",NA,NA,NA,NA,NA,NA,NA,NA,NA,NA,NA,NA,NA,NA,NA,NA,NA,NA,NA,NA,"","",""
"29","budget documentation-PEFA-Total","PEFA","Budget Documentation","Total","Budget Documentation","121-PEFA-Total",NA,NA,NA,NA,NA,NA,NA,NA,NA,NA,NA,NA,NA,NA,NA,NA,NA,NA,NA,NA,"","",""
"30","budget preparation process-PEFA-Total","PEFA","Budget preparation process","Total","Budget preparation process","162-PEFA-Total",NA,NA,NA,NA,NA,NA,NA,NA,NA,NA,NA,NA,NA,NA,NA,NA,NA,NA,NA,NA,"","",""
"31","budget submission to the legislature-PEFA-Total","PEFA","iii Budget submission to the legislature","Total","iii Budget submission to the legislature","165-PEFA-Total",NA,NA,NA,NA,NA,NA,NA,NA,NA,NA,NA,NA,NA,NA,NA,NA,NA,NA,NA,NA,"","",""
"32","cash forecasting and monitoring-PEFA-Total","PEFA","ii Cash forecasting and monitoring","Total","ii Cash forecasting and monitoring","182-PEFA-Total",NA,NA,NA,NA,NA,NA,NA,NA,NA,NA,NA,NA,NA,NA,NA,NA,NA,NA,NA,NA,"","",""
"33","central goernment operations outside financial reports-PEFA-Total","PEFA","Central goernment operations outside financial reports","Total","Central goernment operations outside financial reports","122-PEFA-Total",NA,NA,NA,NA,NA,NA,NA,NA,NA,NA,NA,NA,NA,NA,NA,NA,NA,NA,NA,NA,"","",""
"34","clarity and comprehensiveness of tax liabilities-PEFA-Total","PEFA","i Clarity and comprehensiveness of tax liabilities","Total","i Clarity and comprehensiveness of tax liabilities","36-PEFA-Total","1 D 1.5 D+ 2 C 2.5 C+ 3 B 3.5 B+ 4 A","1 D 1.5 D+ 2 C 2.5 C+ 3 B 3.5 B+ 4 A","Encoded Values",4.044,"Public Sector Management","Public Expenditure Management","Other","Clarity and comprehensiveness of tax liabilities (i)","",NA,"","","","","",NA,"","","","","","",""
"35","claritycomprehensiveness of and political involvement in the guidance on the preparation of budget submissions budget circular or equivalent-PEFA-Total","PEFA","ii Claritycomprehensiveness of and political involvement in the guidance on the preparation of budget submissions budget circular or equivalent","Total","ii Claritycomprehensiveness of and political involvement in the guidance on the preparation of budget submissions budget circular or equivalent","28-PEFA-Total","1 D 1.5 D+ 2 C 2.5 C+ 3 B 3.5 B+ 4 A","1 D 1.5 D+ 2 C 2.5 C+ 3 B 3.5 B+ 4 A","Encoded Values",4.945,"Public Sector Management","Public Expenditure Management","Other","Clarity-comprehensiveness of and political involvement in the guidance on the preparation of budget submissions budget circular or equivalent (ii)","",NA,"","","","","",NA,"","","","","","",""
"36","classification of the budget-PEFA-Total","PEFA","Classification of the budget","Total","Classification of the budget","11-PEFA-Total","1 D 1.5 D+ 2 C 2.5 C+ 3 B 3.5 B+ 4 A","1 D 1.5 D+ 2 C 2.5 C+ 3 B 3.5 B+ 4 A","Encoded Values",4.684,"Public Sector Management","Public Expenditure Management","Other","Classification of the budget","",NA,"","","","","",NA,"","","","","","",""
"37","collection and processing of information to demonstrate the resources that were actually received in cash and kind by the most common frontline service delivery units focus on primary schools and primary health clinics in relation to the overall resources made available to the sectors irrespective of which level of government is responsible for the operation and funding of those units-PEFA-Total","PEFA","i Collection and processing of information to demonstrate the resources that were actually received in cash and kind by the most common frontline service delivery units focus on primary schools and primary health clinics in relation to the overall resources made available to the sectors irrespective of which level of government is responsible for the operation and funding of those units","Total","i Collection and processing of information to demonstrate the resources that were actually received in cash and kind by the most common frontline service delivery units focus on primary schools and primary health clinics in relation to the overall resources made available to the sectors irrespective of which level of government is responsible for the operation and funding of those units","77-PEFA-Total",NA,NA,NA,NA,NA,NA,NA,NA,NA,NA,NA,NA,NA,NA,NA,NA,NA,NA,NA,NA,"","",""
"38","collection ratio for gross tax arrears being the percentage of tax arrears at the beginning of a fiscal year which was collected during that fiscal year average of the last two fiscal years-PEFA-Total","PEFA","i Collection ratio for gross tax arrears being the percentage of tax arrears at the beginning of a fiscal year which was collected during that fiscal year average of the last two fiscal years","Total","i Collection ratio for gross tax arrears being the percentage of tax arrears at the beginning of a fiscal year which was collected during that fiscal year average of the last two fiscal years","44-PEFA-Total","1 D 1.5 D+ 2 C 2.5 C+ 3 B 3.5 B+ 4 A","1 D 1.5 D+ 2 C 2.5 C+ 3 B 3.5 B+ 4 A","Encoded Values",4.157,"Public Sector Management","Public Expenditure Management","Other","Collection ratio for gross tax arrears being the percentage of tax arrears at the beginning of a fiscal year which was collected during that fiscal year average of the last two fiscal years (i)","",NA,"","","","","",NA,"","","","","","",""
"39","completeness and timeliness of budget estimates by donors for project support-PEFA-Total","PEFA","i Completeness and timeliness of budget estimates by donors for project support","Total","i Completeness and timeliness of budget estimates by donors for project support","103-PEFA-Total","1 D 1.5 D+ 2 C 2.5 C+ 3 B 3.5 B+ 4 A","1 D 1.5 D+ 2 C 2.5 C+ 3 B 3.5 B+ 4 A","Encoded Values",4.886,"Public Sector Management","Public Expenditure Management","Other","Completeness and timeliness of budget estimates by donors for project support (i)","",NA,"","","","","",NA,"","","","","","",""
"40","completeness of the financial statements-PEFA-Total","PEFA","i Completeness of the financial statements","Total","i Completeness of the financial statements","83-PEFA-Total","1 D 1.5 D+ 2 C 2.5 C+ 3 B 3.5 B+ 4 A","1 D 1.5 D+ 2 C 2.5 C+ 3 B 3.5 B+ 4 A","Encoded Values",4.546,"Public Sector Management","Public Expenditure Management","Other","Completeness of the financial statements (i)","",NA,"","","","","",NA,"","","","","","",""
"41","compliance with payment controls-PEFA-Total","PEFA","iii Compliance with payment controls","Total","iii Compliance with payment controls","199-PEFA-Total",NA,NA,NA,NA,NA,NA,NA,NA,NA,NA,NA,NA,NA,NA,NA,NA,NA,NA,NA,NA,"","",""
"42","composition of expenditure out-turn compared to original approved budget-PEFA-Total","PEFA","Composition of expenditure outturn compared to original approved budget","Total","Composition of expenditure outturn compared to original approved budget","3-PEFA-Total","1 D 1.5 D+ 2 C 2.5 C+ 3 B 3.5 B+ 4 A","1 D 1.5 D+ 2 C 2.5 C+ 3 B 3.5 B+ 4 A","Encoded Values",4.316,"Public Sector Management","Public Expenditure Management","Other","Composition of expenditure outturn compared to original approved budget","",NA,"","","","","",NA,"","","","","","",""
"43","comprehensiveness of information included in budget documentation-PEFA-Total","PEFA","Comprehensiveness of information included in budget documentation","Total","Comprehensiveness of information included in budget documentation","13-PEFA-Total","1 D 1.5 D+ 2 C 2.5 C+ 3 B 3.5 B+ 4 A","1 D 1.5 D+ 2 C 2.5 C+ 3 B 3.5 B+ 4 A","Encoded Values",4.434,"Public Sector Management","Public Expenditure Management","Other","Comprehensiveness of information included in budget documentation","",NA,"","","","","",NA,"","","","","","",""
"44","comprehensiveness relevance and understanding of other internal control rules procedures-PEFA-Total","PEFA","ii Comprehensiveness relevance and understanding of other internal control rules procedures","Total","ii Comprehensiveness relevance and understanding of other internal control rules procedures","67-PEFA-Total","1 D 1.5 D+ 2 C 2.5 C+ 3 B 3.5 B+ 4 A","1 D 1.5 D+ 2 C 2.5 C+ 3 B 3.5 B+ 4 A","Encoded Values",4.368,"Public Sector Management","Public Expenditure Management","Other","Comprehensiveness relevance and understanding of other internal control rules procedures (ii)","",NA,"","","","","",NA,"","","","","","",""
"45","consistency of budgets with preious year estimates-PEFA-Total","PEFA","i Consistency of budgets with preious year estimates","Total","i Consistency of budgets with preious year estimates","161-PEFA-Total",NA,NA,NA,NA,NA,NA,NA,NA,NA,NA,NA,NA,NA,NA,NA,NA,NA,NA,NA,NA,"","",""
"46","consolidation of cash balances-PEFA-Total","PEFA","i Consolidation of cash balances","Total","i Consolidation of cash balances","181-PEFA-Total",NA,NA,NA,NA,NA,NA,NA,NA,NA,NA,NA,NA,NA,NA,NA,NA,NA,NA,NA,NA,"","",""
"47","contingent liabilities and other fiscal risks-PEFA-Total","PEFA","iii Contingent liabilities and other fiscal risks","Total","iii Contingent liabilities and other fiscal risks","135-PEFA-Total",NA,NA,NA,NA,NA,NA,NA,NA,NA,NA,NA,NA,NA,NA,NA,NA,NA,NA,NA,NA,"","",""
"48","controls in the taxpayer registration system-PEFA-Total","PEFA","i Controls in the taxpayer registration system","Total","i Controls in the taxpayer registration system","40-PEFA-Total","1 D 1.5 D+ 2 C 2.5 C+ 3 B 3.5 B+ 4 A","1 D 1.5 D+ 2 C 2.5 C+ 3 B 3.5 B+ 4 A","Encoded Values",5.025,"Public Sector Management","Public Expenditure Management","Other","Controls in the taxpayer registration system (i)","",NA,"","","","","",NA,"","","","","","",""
"49","coverage and quality of the internal audit function-PEFA-Total","PEFA","i Coverage and quality of the internal audit function","Total","i Coverage and quality of the internal audit function","70-PEFA-Total","1 D 1.5 D+ 2 C 2.5 C+ 3 B 3.5 B+ 4 A","1 D 1.5 D+ 2 C 2.5 C+ 3 B 3.5 B+ 4 A","Encoded Values",4.105,"Public Sector Management","Public Expenditure Management","Other","Coverage and quality of the internal audit function (i)","",NA,"","","","","",NA,"","","","","","",""
"50","debt management strategy-PEFA-Total","PEFA","iii Debt management strategy","Total","iii Debt management strategy","148-PEFA-Total",NA,NA,NA,NA,NA,NA,NA,NA,NA,NA,NA,NA,NA,NA,NA,NA,NA,NA,NA,NA,"","",""
"51","debt management-PEFA-Total","PEFA","Debt management","Total","Debt management","145-PEFA-Total",NA,NA,NA,NA,NA,NA,NA,NA,NA,NA,NA,NA,NA,NA,NA,NA,NA,NA,NA,NA,"","",""
"52","degree of compliance with rules for processing and recording transactions-PEFA-Total","PEFA","iii Degreeof compliance with rules for processing and recording transactions","Total","iii Degreeof compliance with rules for processing and recording transactions","68-PEFA-Total","1 D 1.5 D+ 2 C 2.5 C+ 3 B 3.5 B+ 4 A","1 D 1.5 D+ 2 C 2.5 C+ 3 B 3.5 B+ 4 A","Encoded Values",4.115,"Public Sector Management","Public Expenditure Management","Other","Degree of compliance with rules for processing and recording transactions (iii)","",NA,"","","","","",NA,"","","","","","",""
"53","degree of integration and reconciliation between personnel records and payroll data-PEFA-Total","PEFA","i Degree of integration and reconciliation between personnel records and payroll data","Total","i Degree of integration and reconciliation between personnel records and payroll data","56-PEFA-Total","1 D 1.5 D+ 2 C 2.5 C+ 3 B 3.5 B+ 4 A","1 D 1.5 D+ 2 C 2.5 C+ 3 B 3.5 B+ 4 A","Encoded Values",5.036,"Public Sector Management","Public Expenditure Management","Other","Degree of integration and reconciliation between personnel records and payroll data (i)","",NA,"","","","","",NA,"","","","","","",""
"54","economic analysis of inestment proposals-PEFA-Total","PEFA","i Economic analysis of inestment proposals","Total","i Economic analysis of inestment proposals","137-PEFA-Total",NA,NA,NA,NA,NA,NA,NA,NA,NA,NA,NA,NA,NA,NA,NA,NA,NA,NA,NA,NA,"","",""
"55","effectieness of expenditure commitment controls-PEFA-Total","PEFA","ii Effectieness of expenditure commitment controls","Total","ii Effectieness of expenditure commitment controls","198-PEFA-Total",NA,NA,NA,NA,NA,NA,NA,NA,NA,NA,NA,NA,NA,NA,NA,NA,NA,NA,NA,NA,"","",""
"56","effectiveness in collection of tax payments-PEFA-Total","PEFA","Effectiveness in collection of tax payments","Total","Effectiveness in collection of tax payments","43-PEFA-Total","1 D 1.5 D+ 2 C 2.5 C+ 3 B 3.5 B+ 4 A","1 D 1.5 D+ 2 C 2.5 C+ 3 B 3.5 B+ 4 A","Encoded Values",4.388,"Public Sector Management","Public Expenditure Management","Other","Effectiveness in collection of tax payments","",NA,"","","","","",NA,"","","","","","",""
"57","effectiveness of expenditure commitment controls-PEFA-Total","PEFA","i Effectiveness of expenditure commitment controls","Total","i Effectiveness of expenditure commitment controls","66-PEFA-Total","1 D 1.5 D+ 2 C 2.5 C+ 3 B 3.5 B+ 4 A","1 D 1.5 D+ 2 C 2.5 C+ 3 B 3.5 B+ 4 A","Encoded Values",4.447,"Public Sector Management","Public Expenditure Management","Other","Effectiveness of expenditure commitment controls (i)","",NA,"","","","","",NA,"","","","","","",""
"58","effectiveness of internal audit-PEFA-Total","PEFA","Effectiveness of internal audit","Total","Effectiveness of internal audit","69-PEFA-Total","1 D 1.5 D+ 2 C 2.5 C+ 3 B 3.5 B+ 4 A","1 D 1.5 D+ 2 C 2.5 C+ 3 B 3.5 B+ 4 A","Encoded Values",3.07,"Public Sector Management","Public Expenditure Management","Other","Effectiveness of internal audit","",NA,"","","","","",NA,"","","","","","",""
"59","effectiveness of internal controls for nonsalary expenditure-PEFA-Total","PEFA","Effectiveness of internal controls for nonsalary expenditure","Total","Effectiveness of internal controls for nonsalary expenditure","65-PEFA-Total","1 D 1.5 D+ 2 C 2.5 C+ 3 B 3.5 B+ 4 A","1 D 1.5 D+ 2 C 2.5 C+ 3 B 3.5 B+ 4 A","Encoded Values",3.08,"Public Sector Management","Public Expenditure Management","Other","Effectiveness of internal controls for nonsalary expenditure","",NA,"","","","","",NA,"","","","","","",""
"60","effectiveness of measures for taxpayer registration and tax assessment-PEFA-Total","PEFA","Effectiveness of measures for taxpayer registration and tax assessment","Total","Effectiveness of measures for taxpayer registration and tax assessment","39-PEFA-Total","1 D 1.5 D+ 2 C 2.5 C+ 3 B 3.5 B+ 4 A","1 D 1.5 D+ 2 C 2.5 C+ 3 B 3.5 B+ 4 A","Encoded Values",4.967,"Public Sector Management","Public Expenditure Management","Other","Effectiveness of measures for taxpayer registration and tax assessment","",NA,"","","","","",NA,"","","","","","",""
"61","effectiveness of payroll controls-PEFA-Total","PEFA","Effectiveness of payroll controls","Total","Effectiveness of payroll controls","55-PEFA-Total","1 D 1.5 D+ 2 C 2.5 C+ 3 B 3.5 B+ 4 A","1 D 1.5 D+ 2 C 2.5 C+ 3 B 3.5 B+ 4 A","Encoded Values",4.793,"Public Sector Management","Public Expenditure Management","Other","Effectiveness of payroll controls","",NA,"","","","","",NA,"","","","","","",""
"62","effectiveness of penalties for noncompliance with registration and declaration obligations-PEFA-Total","PEFA","ii Effectiveness of penalties for noncompliance with registration and declaration obligations","Total","ii Effectiveness of penalties for noncompliance with registration and declaration obligations","41-PEFA-Total","1 D 1.5 D+ 2 C 2.5 C+ 3 B 3.5 B+ 4 A","1 D 1.5 D+ 2 C 2.5 C+ 3 B 3.5 B+ 4 A","Encoded Values",4.013,"Public Sector Management","Public Expenditure Management","Other","Effectiveness of penalties for noncompliance with registration and declaration obligations (ii)","",NA,"","","","","",NA,"","","","","","",""
"63","effectiveness of transfer of tax collections to the treasury by the revenue administration-PEFA-Total","PEFA","ii Effectiveness of transfer of tax collections to the Treasury by the revenue administration","Total","ii Effectiveness of transfer of tax collections to the Treasury by the revenue administration","45-PEFA-Total","1 D 1.5 D+ 2 C 2.5 C+ 3 B 3.5 B+ 4 A","1 D 1.5 D+ 2 C 2.5 C+ 3 B 3.5 B+ 4 A","Encoded Values",4.663,"Public Sector Management","Public Expenditure Management","Other","Effectiveness of transfer of tax collections to the Treasury by the revenue administration (ii)","",NA,"","","","","",NA,"","","","","","",""
"64","evidence of follow up on audit recommendations-PEFA-Total","PEFA","iii Evidence of follow up on audit recommendations","Total","iii Evidence of follow up on audit recommendations","89-PEFA-Total","1 D 1.5 D+ 2 C 2.5 C+ 3 B 3.5 B+ 4 A","1 D 1.5 D+ 2 C 2.5 C+ 3 B 3.5 B+ 4 A","Encoded Values",5.077,"Public Sector Management","Public Expenditure Management","Other","Evidence of follow up on audit recommendations (iii)","",NA,"","","","","",NA,"","","","","","",""
"65","existence and functioning of a tax appeals mechanism-PEFA-Total","PEFA","iii Existence and functioning of a tax appeals mechanism","Total","iii Existence and functioning of a tax appeals mechanism","38-PEFA-Total","1 D 1.5 D+ 2 C 2.5 C+ 3 B 3.5 B+ 4 A","1 D 1.5 D+ 2 C 2.5 C+ 3 B 3.5 B+ 4 A","Encoded Values",4.002,"Public Sector Management","Public Expenditure Management","Other","Existence and functioning of a tax appeals mechanism (iii)","",NA,"","","","","",NA,"","","","","","",""
"66","existence of an independent administrative procurement complaints system-PEFA-Total","PEFA","iv Existence of an independent administrative procurement complaints system","Total","iv Existence of an independent administrative procurement complaints system","64-PEFA-Total","1 D 1.5 D+ 2 C 2.5 C+ 3 B 3.5 B+ 4 A","1 D 1.5 D+ 2 C 2.5 C+ 3 B 3.5 B+ 4 A","Encoded Values",4.05,"Public Sector Management","Public Expenditure Management","Other","Existence of an independent administrative procurement complaints system (iv)","",NA,"","","","","",NA,"","","","","","",""
"67","existence of and adherence to a fixed budget calendar-PEFA-Total","PEFA","i Existence of and adherence to a fixed budget calendar","Total","i Existence of and adherence to a fixed budget calendar","27-PEFA-Total","1 D 1.5 D+ 2 C 2.5 C+ 3 B 3.5 B+ 4 A","1 D 1.5 D+ 2 C 2.5 C+ 3 B 3.5 B+ 4 A","Encoded Values",4.412,"Public Sector Management","Public Expenditure Management","Other","Existence of and adherence to a fixed budget calendar (i)","",NA,"","","","","",NA,"","","","","","",""
"68","existence of payroll audits to identify control weaknesses and/or ghost workers-PEFA-Total","PEFA","iv Existence of payroll audits to identify control weaknesses andor ghost workers","Total","iv Existence of payroll audits to identify control weaknesses andor ghost workers","59-PEFA-Total","1 D 1.5 D+ 2 C 2.5 C+ 3 B 3.5 B+ 4 A","1 D 1.5 D+ 2 C 2.5 C+ 3 B 3.5 B+ 4 A","Encoded Values",4.001,"Public Sector Management","Public Expenditure Management","Other","Existence of payroll audits to identify control weaknesses and/or ghost workers (iv)¥Ë_","",NA,"","","","","",NA,"","","","","","",""
"69","existence of sector strategies with multi-year costing of recurrent and investment expenditure-PEFA-Total","PEFA","iii Existence of sector strategies with multiyear costing of recurrent and investment expenditure","Total","iii Existence of sector strategies with multiyear costing of recurrent and investment expenditure","33-PEFA-Total","1 D 1.5 D+ 2 C 2.5 C+ 3 B 3.5 B+ 4 A","1 D 1.5 D+ 2 C 2.5 C+ 3 B 3.5 B+ 4 A","Encoded Values",4.299,"Public Sector Management","Public Expenditure Management","Other","Existence of sector strategies with multi-year costing of recurrent and investment expenditure (iii)¥Ë_","",NA,"","","","","",NA,"","","","","","",""
"70","expenditure arrears monitoring-PEFA-Total","PEFA","ii Expenditure arrears monitoring","Total","ii Expenditure arrears monitoring","227-PEFA-Total",NA,NA,NA,NA,NA,NA,NA,NA,NA,NA,NA,NA,NA,NA,NA,NA,NA,NA,NA,NA,"","",""
"71","expenditure arrears-PEFA-Total","PEFA","Expenditure arrears","Total","Expenditure arrears","185-PEFA-Total",NA,NA,NA,NA,NA,NA,NA,NA,NA,NA,NA,NA,NA,NA,NA,NA,NA,NA,NA,NA,"","",""
"72","expenditure composition out-turn by economic type-PEFA-Total","PEFA","ii Expenditure composition outturn by economic type","Total","ii Expenditure composition outturn by economic type","115-PEFA-Total",NA,NA,NA,NA,NA,NA,NA,NA,NA,NA,NA,NA,NA,NA,NA,NA,NA,NA,NA,NA,"","",""
"73","expenditure composition out-turn by function-PEFA-Total","PEFA","i Expenditure composition outturn by function","Total","i Expenditure composition outturn by function","114-PEFA-Total",NA,NA,NA,NA,NA,NA,NA,NA,NA,NA,NA,NA,NA,NA,NA,NA,NA,NA,NA,NA,"","",""
"74","expenditure composition out-turn-PEFA-Total","PEFA","Expenditure composition outturn","Total","Expenditure composition outturn","113-PEFA-Total",NA,NA,NA,NA,NA,NA,NA,NA,NA,NA,NA,NA,NA,NA,NA,NA,NA,NA,NA,NA,"","",""
"75","expenditure outside financial reports-PEFA-Total","PEFA","i Expenditure outside financial reports","Total","i Expenditure outside financial reports","224-PEFA-Total",NA,NA,NA,NA,NA,NA,NA,NA,NA,NA,NA,NA,NA,NA,NA,NA,NA,NA,NA,NA,"","",""
"76","extent of central government monitoring of agas and pes-PEFA-Total","PEFA","i Extent of central government monitoring of AGAs and PEs","Total","i Extent of central government monitoring of AGAs and PEs","22-PEFA-Total","1 D 1.5 D+ 2 C 2.5 C+ 3 B 3.5 B+ 4 A","1 D 1.5 D+ 2 C 2.5 C+ 3 B 3.5 B+ 4 A","Encoded Values",4.126,"Public Sector Management","Public Expenditure Management","Other","Extent of central government monitoring of AGAs and Pes (i)","",NA,"","","","","",NA,"","","","","","",""
"77","extent of central government monitoring of sn governments fiscal position-PEFA-Total","PEFA","ii Extent of central government monitoring of SN governments fiscal position","Total","ii Extent of central government monitoring of SN governments fiscal position","23-PEFA-Total","1 D 1.5 D+ 2 C 2.5 C+ 3 B 3.5 B+ 4 A","1 D 1.5 D+ 2 C 2.5 C+ 3 B 3.5 B+ 4 A","Encoded Values",4.624,"Public Sector Management","Public Expenditure Management","Other","Extent of central government monitoring of SN governments fiscal position (ii)","",NA,"","","","","",NA,"","","","","","",""
"78","extent of consolidation of the government’s cash balances-PEFA-Total","PEFA","ii Extent of consolidation of the government’s cash balances","Total","ii Extent of consolidation of the government’s cash balances","53-PEFA-Total","1 D 1.5 D+ 2 C 2.5 C+ 3 B 3.5 B+ 4 A","1 D 1.5 D+ 2 C 2.5 C+ 3 B 3.5 B+ 4 A","Encoded Values",4.95,"Public Sector Management","Public Expenditure Management","Other","Extent of consolidation of the government cash balances (ii)","",NA,"","","","","",NA,"","","","","","",""
"79","extent of hearings on key findings undertaken by the legislature-PEFA-Total","PEFA","ii Extent of hearings on key findings undertaken by the legislature","Total","ii Extent of hearings on key findings undertaken by the legislature","97-PEFA-Total","1 D 1.5 D+ 2 C 2.5 C+ 3 B 3.5 B+ 4 A","1 D 1.5 D+ 2 C 2.5 C+ 3 B 3.5 B+ 4 A","Encoded Values",4.372,"Public Sector Management","Public Expenditure Management","Other","Extent of hearings on key findings undertaken by the legislature (ii)","",NA,"","","","","",NA,"","","","","","",""
"80","extent of management response to internal audit findings-PEFA-Total","PEFA","iii Extent of management response to internal audit findings","Total","iii Extent of management response to internal audit findings","72-PEFA-Total","1 D 1.5 D+ 2 C 2.5 C+ 3 B 3.5 B+ 4 A","1 D 1.5 D+ 2 C 2.5 C+ 3 B 3.5 B+ 4 A","Encoded Values",4.2,"Public Sector Management","Public Expenditure Management","Other","Extent of management response to internal audit findings (iii)","",NA,"","","","","",NA,"","","","","","",""
"81","extent of the variance in expenditure composition during the last three years excluding contingency items the methodolodgy to rate this dimension is set out in the footnote of the pfm pmf booklet-PEFA-Total","PEFA","i Extent of the variance in expenditure composition during the last three years excluding contingency items the methodolodgy to rate this dimension is set out in the footnote of the PFM PMF booklet","Total","i Extent of the variance in expenditure composition during the last three years excluding contingency items the methodolodgy to rate this dimension is set out in the footnote of the PFM PMF booklet","4-PEFA-Total",NA,NA,NA,NA,NA,NA,NA,NA,NA,NA,NA,NA,NA,NA,NA,NA,NA,NA,NA,NA,"","",""
"82","extent of unreported government operations-PEFA-Total","PEFA","Extent of unreported government operations","Total","Extent of unreported government operations","15-PEFA-Total","1 D 1.5 D+ 2 C 2.5 C+ 3 B 3.5 B+ 4 A","1 D 1.5 D+ 2 C 2.5 C+ 3 B 3.5 B+ 4 A","Encoded Values",4.45,"Public Sector Management","Public Expenditure Management","Other","Extent of unreported government operations¥Ë_","",NA,"","","","","",NA,"","","","","","",""
"83","extent to which cash flows are forecast and monitored-PEFA-Total","PEFA","i Extent to which cash flows are forecast and monitored","Total","i Extent to which cash flows are forecast and monitored","48-PEFA-Total","1 D 1.5 D+ 2 C 2.5 C+ 3 B 3.5 B+ 4 A","1 D 1.5 D+ 2 C 2.5 C+ 3 B 3.5 B+ 4 A","Encoded Values",4.063,"Public Sector Management","Public Expenditure Management","Other","Extent to which cash flows are forecast and monitored (i)","",NA,"","","","","",NA,"","","","","","",""
"84","extent to which consolidated fiscal data at least on revenue and expenditure is collected and reported for general government according to sectoral categories-PEFA-Total","PEFA","iii Extent to which consolidated fiscal data at least on revenue and expenditure is collected and reported for general government according to sectoral categories","Total","iii Extent to which consolidated fiscal data at least on revenue and expenditure is collected and reported for general government according to sectoral categories","20-PEFA-Total","1 D 1.5 D+ 2 C 2.5 C+ 3 B 3.5 B+ 4 A","1 D 1.5 D+ 2 C 2.5 C+ 3 B 3.5 B+ 4 A","Encoded Values",4.067,"Public Sector Management","Public Expenditure Management","Other","Extent to which consolidated fiscal data at least on revenue and expenditure is collected and reported for general government according to sectoral categories (iii)","",NA,"","","","","",NA,"","","","","","",""
"85","extent to which the legislature’s procedures are well-established and respected-PEFA-Total","PEFA","ii Extent to which the legislature’s procedures are wellestablished and respected","Total","ii Extent to which the legislature’s procedures are wellestablished and respected","92-PEFA-Total",NA,NA,NA,NA,NA,NA,NA,NA,NA,NA,NA,NA,NA,NA,NA,NA,NA,NA,NA,NA,"","",""
"86","external audit follow-up-PEFA-Total","PEFA","iii External audit followup","Total","iii External audit followup","217-PEFA-Total",NA,NA,NA,NA,NA,NA,NA,NA,NA,NA,NA,NA,NA,NA,NA,NA,NA,NA,NA,NA,"","",""
"87","external audit-PEFA-Total","PEFA","External audit","Total","External audit","214-PEFA-Total",NA,NA,NA,NA,NA,NA,NA,NA,NA,NA,NA,NA,NA,NA,NA,NA,NA,NA,NA,NA,"","",""
"88","financial asset monitoring-PEFA-Total","PEFA","i Financial asset monitoring","Total","i Financial asset monitoring","142-PEFA-Total",NA,NA,NA,NA,NA,NA,NA,NA,NA,NA,NA,NA,NA,NA,NA,NA,NA,NA,NA,NA,"","",""
"89","financial data integrity processes-PEFA-Total","PEFA","i Financial data integrity processes","Total","i Financial data integrity processes","205-PEFA-Total",NA,NA,NA,NA,NA,NA,NA,NA,NA,NA,NA,NA,NA,NA,NA,NA,NA,NA,NA,NA,"","",""
"90","financial data integrity-PEFA-Total","PEFA","Financial data integrity","Total","Financial data integrity","201-PEFA-Total",NA,NA,NA,NA,NA,NA,NA,NA,NA,NA,NA,NA,NA,NA,NA,NA,NA,NA,NA,NA,"","",""
"91","financial information provided by donors for budgeting and reporting on project and program aid-PEFA-Total","PEFA","Financial information provided by donors for budgeting and reporting on project and program aid","Total","Financial information provided by donors for budgeting and reporting on project and program aid","102-PEFA-Total","1 D 1.5 D+ 2 C 2.5 C+ 3 B 3.5 B+ 4 A","1 D 1.5 D+ 2 C 2.5 C+ 3 B 3.5 B+ 4 A","Encoded Values",4.1,"Public Sector Management","Public Expenditure Management","Other","Financial information provided by donors for budgeting and reporting on project and program aid","",NA,"","","","","",NA,"","","","","","",""
"92","financial reports of extra-budgetary units-PEFA-Total","PEFA","iii Financial reports of extrabudgetary units","Total","iii Financial reports of extrabudgetary units","226-PEFA-Total",NA,NA,NA,NA,NA,NA,NA,NA,NA,NA,NA,NA,NA,NA,NA,NA,NA,NA,NA,NA,"","",""
"93","fiscal impact of policy proposals -PEFA-Total","PEFA","i Fiscal impact of policy proposals ","Total","i Fiscal impact of policy proposals ","154-PEFA-Total",NA,NA,NA,NA,NA,NA,NA,NA,NA,NA,NA,NA,NA,NA,NA,NA,NA,NA,NA,NA,"","",""
"94","fiscal risk reporting-PEFA-Total","PEFA","Fiscal risk reporting","Total","Fiscal risk reporting","132-PEFA-Total",NA,NA,NA,NA,NA,NA,NA,NA,NA,NA,NA,NA,NA,NA,NA,NA,NA,NA,NA,NA,"","",""
"95","fiscal strategy adoption-PEFA-Total","PEFA","ii Fiscal strategy adoption","Total","ii Fiscal strategy adoption","155-PEFA-Total",NA,NA,NA,NA,NA,NA,NA,NA,NA,NA,NA,NA,NA,NA,NA,NA,NA,NA,NA,NA,"","",""
"96","fiscal strategy-PEFA-Total","PEFA","Fiscal strategy","Total","Fiscal strategy","153-PEFA-Total",NA,NA,NA,NA,NA,NA,NA,NA,NA,NA,NA,NA,NA,NA,NA,NA,NA,NA,NA,NA,"","",""
"97","frequency and coverage of reporting by donors on actual donor flows for project support-PEFA-Total","PEFA","ii Frequency and coverage of reporting by donors on actual donor flows for project support","Total","ii Frequency and coverage of reporting by donors on actual donor flows for project support","104-PEFA-Total","1 D 1.5 D+ 2 C 2.5 C+ 3 B 3.5 B+ 4 A","1 D 1.5 D+ 2 C 2.5 C+ 3 B 3.5 B+ 4 A","Encoded Values",4.026,"Public Sector Management","Public Expenditure Management","Other","Frequency and coverage of reporting by donors on actual donor flows for project support (ii)","",NA,"","","","","",NA,"","","","","","",""
"98","frequency and distribution of reports-PEFA-Total","PEFA","ii Frequency and distribution of reports","Total","ii Frequency and distribution of reports","71-PEFA-Total","1 D 1.5 D+ 2 C 2.5 C+ 3 B 3.5 B+ 4 A","1 D 1.5 D+ 2 C 2.5 C+ 3 B 3.5 B+ 4 A","Encoded Values",4.451,"Public Sector Management","Public Expenditure Management","Other","Frequency and distribution of reports (ii)","",NA,"","","","","",NA,"","","","","","",""
"99","frequency and transparency of adjustments to budget allocations which are decided above the level of management of mdas-PEFA-Total","PEFA","iii Frequency and transparency of adjustments to budget allocations which are decided above the level of management of MDAs","Total","iii Frequency and transparency of adjustments to budget allocations which are decided above the level of management of MDAs","50-PEFA-Total","1 D 1.5 D+ 2 C 2.5 C+ 3 B 3.5 B+ 4 A","1 D 1.5 D+ 2 C 2.5 C+ 3 B 3.5 B+ 4 A","Encoded Values",4.048,"Public Sector Management","Public Expenditure Management","Other","Frequency and transparency of adjustments to budget allocations which are decided above the level of management of MDAs (iii)","",NA,"","","","","",NA,"","","","","","",""
"100","frequency of complete accounts reconciliation between tax assessments collections arrears records and receipts by the treasury-PEFA-Total","PEFA","iii Frequency of complete accounts reconciliation between tax assessments collections arrears records and receipts by the Treasury","Total","iii Frequency of complete accounts reconciliation between tax assessments collections arrears records and receipts by the Treasury","46-PEFA-Total","1 D 1.5 D+ 2 C 2.5 C+ 3 B 3.5 B+ 4 A","1 D 1.5 D+ 2 C 2.5 C+ 3 B 3.5 B+ 4 A","Encoded Values",4.413,"Public Sector Management","Public Expenditure Management","Other","Frequency of complete accounts reconciliation between tax assessments collections arrears records and receipts by the Treasury (iii)","",NA,"","","","","",NA,"","","","","","",""
"101","guidance on budget preparation-PEFA-Total","PEFA","ii Guidance on budget preparation","Total","ii Guidance on budget preparation","164-PEFA-Total",NA,NA,NA,NA,NA,NA,NA,NA,NA,NA,NA,NA,NA,NA,NA,NA,NA,NA,NA,NA,"","",""
"102","hearings on audit findings-PEFA-Total","PEFA","ii Hearings on audit findings","Total","ii Hearings on audit findings","221-PEFA-Total",NA,NA,NA,NA,NA,NA,NA,NA,NA,NA,NA,NA,NA,NA,NA,NA,NA,NA,NA,NA,"","",""
"103","iaudit coerage and standards-PEFA-Total","PEFA","iAudit coerage and standards","Total","iAudit coerage and standards","215-PEFA-Total",NA,NA,NA,NA,NA,NA,NA,NA,NA,NA,NA,NA,NA,NA,NA,NA,NA,NA,NA,NA,"","",""
"104","ibank account reconciliation-PEFA-Total","PEFA","iBank account reconciliation","Total","iBank account reconciliation","202-PEFA-Total",NA,NA,NA,NA,NA,NA,NA,NA,NA,NA,NA,NA,NA,NA,NA,NA,NA,NA,NA,NA,"","",""
"105","icoerage and comparability of reports-PEFA-Total","PEFA","iCoerage and comparability of reports","Total","iCoerage and comparability of reports","207-PEFA-Total",NA,NA,NA,NA,NA,NA,NA,NA,NA,NA,NA,NA,NA,NA,NA,NA,NA,NA,NA,NA,"","",""
"106","icoerage of internal audit-PEFA-Total","PEFA","iCoerage of internal audit","Total","iCoerage of internal audit","228-PEFA-Total",NA,NA,NA,NA,NA,NA,NA,NA,NA,NA,NA,NA,NA,NA,NA,NA,NA,NA,NA,NA,"","",""
"107","icompleteness of annual financial reports-PEFA-Total","PEFA","iCompleteness of annual financial reports","Total","iCompleteness of annual financial reports","211-PEFA-Total",NA,NA,NA,NA,NA,NA,NA,NA,NA,NA,NA,NA,NA,NA,NA,NA,NA,NA,NA,NA,"","",""
"108","iiiaccuracy of in-year budget reports-PEFA-Total","PEFA","iiiAccuracy of inyear budget reports","Total","iiiAccuracy of inyear budget reports","209-PEFA-Total",NA,NA,NA,NA,NA,NA,NA,NA,NA,NA,NA,NA,NA,NA,NA,NA,NA,NA,NA,NA,"","",""
"109","in-year budget reports-PEFA-Total","PEFA","Inyear budget reports","Total","Inyear budget reports","206-PEFA-Total",NA,NA,NA,NA,NA,NA,NA,NA,NA,NA,NA,NA,NA,NA,NA,NA,NA,NA,NA,NA,"","",""
"110","in-year timeliness of donor disbursements compliance with aggregate quarterly estimates-PEFA-Total","PEFA","ii Inyear timeliness of donor disbursements compliance with aggregate quarterly estimates","Total","ii Inyear timeliness of donor disbursements compliance with aggregate quarterly estimates","101-PEFA-Total","1 D 1.5 D+ 2 C 2.5 C+ 3 B 3.5 B+ 4 A","1 D 1.5 D+ 2 C 2.5 C+ 3 B 3.5 B+ 4 A","Encoded Values",4.627,"Public Sector Management","Public Expenditure Management","Other","In-year timeliness of donor disbursements compliance with aggregate quarterly estimates (ii)","",NA,"","","","","",NA,"","","","","","",""
"111","in-year timeliness of transfers from hlg compliance with timetables for in-year distribution of disbursements agreed within one month of the start of the sn fiscal year-PEFA-Total","PEFA","iii Inyear timeliness of transfers from HLG compliance with timetables for inyear distribution of disbursements agreed within one month of the start of the SN fiscal year","Total","iii Inyear timeliness of transfers from HLG compliance with timetables for inyear distribution of disbursements agreed within one month of the start of the SN fiscal year","111-PEFA-Total","1 D 1.5 D+ 2 C 2.5 C+ 3 B 3.5 B+ 4 A","1 D 1.5 D+ 2 C 2.5 C+ 3 B 3.5 B+ 4 A","Encoded Values",4.083,"Public Sector Management","Public Expenditure Management","Other","In-year timeliness of transfers from HLG compliance with timetables for in-year distribution of disbursements agreed within one month of the start of the SN fiscal year (iii )¥Ë_","",NA,"","","","","",NA,"","","","","","",""
"112","incomeexpenditure information on donorfunded projects which is included in fiscal reports-PEFA-Total","PEFA","ii Incomeexpenditure information on donorfunded projects which is included in fiscal reports","Total","ii Incomeexpenditure information on donorfunded projects which is included in fiscal reports","17-PEFA-Total","1 D 1.5 D+ 2 C 2.5 C+ 3 B 3.5 B+ 4 A","1 D 1.5 D+ 2 C 2.5 C+ 3 B 3.5 B+ 4 A","Encoded Values",4.657,"Public Sector Management","Public Expenditure Management","Other","Income-expenditure information on donor-funded projects which is included in fiscal reports (ii)","",NA,"","","","","",NA,"","","","","","",""
"113","inestment project costing-PEFA-Total","PEFA","iii Inestment project costing","Total","iii Inestment project costing","139-PEFA-Total",NA,NA,NA,NA,NA,NA,NA,NA,NA,NA,NA,NA,NA,NA,NA,NA,NA,NA,NA,NA,"","",""
"114","inestment project monitoring-PEFA-Total","PEFA","i Inestment project monitoring","Total","i Inestment project monitoring","140-PEFA-Total",NA,NA,NA,NA,NA,NA,NA,NA,NA,NA,NA,NA,NA,NA,NA,NA,NA,NA,NA,NA,"","",""
"115","inestment project selection -PEFA-Total","PEFA","ii Inestment project selection ","Total","ii Inestment project selection ","138-PEFA-Total",NA,NA,NA,NA,NA,NA,NA,NA,NA,NA,NA,NA,NA,NA,NA,NA,NA,NA,NA,NA,"","",""
"116","information on commitment ceilings-PEFA-Total","PEFA","iii Information on commitment ceilings","Total","iii Information on commitment ceilings","183-PEFA-Total",NA,NA,NA,NA,NA,NA,NA,NA,NA,NA,NA,NA,NA,NA,NA,NA,NA,NA,NA,NA,"","",""
"117","information on reenue collections-PEFA-Total","PEFA","i Information on reenue collections","Total","i Information on reenue collections","177-PEFA-Total",NA,NA,NA,NA,NA,NA,NA,NA,NA,NA,NA,NA,NA,NA,NA,NA,NA,NA,NA,NA,"","",""
"118","integration of payroll and personnel records-PEFA-Total","PEFA","i Integration of payroll and personnel records","Total","i Integration of payroll and personnel records","187-PEFA-Total",NA,NA,NA,NA,NA,NA,NA,NA,NA,NA,NA,NA,NA,NA,NA,NA,NA,NA,NA,NA,"","",""
"119","internal audit effectieness-PEFA-Total","PEFA","Internal audit effectieness","Total","Internal audit effectieness","200-PEFA-Total",NA,NA,NA,NA,NA,NA,NA,NA,NA,NA,NA,NA,NA,NA,NA,NA,NA,NA,NA,NA,"","",""
"120","internal control of payroll-PEFA-Total","PEFA","iii Internal control of payroll","Total","iii Internal control of payroll","189-PEFA-Total",NA,NA,NA,NA,NA,NA,NA,NA,NA,NA,NA,NA,NA,NA,NA,NA,NA,NA,NA,NA,"","",""
"121","internal controls of changes to personnel records and the payroll-PEFA-Total","PEFA","iii Internal controls of changes to personnel records and the payroll","Total","iii Internal controls of changes to personnel records and the payroll","58-PEFA-Total","1 D 1.5 D+ 2 C 2.5 C+ 3 B 3.5 B+ 4 A","1 D 1.5 D+ 2 C 2.5 C+ 3 B 3.5 B+ 4 A","Encoded Values",4.098,"Public Sector Management","Public Expenditure Management","Other","Internal controls of changes to personnel records and the payroll (iii)","",NA,"","","","","",NA,"","","","","","",""
"122","internal controls on nonsalary expenditure-PEFA-Total","PEFA","Internal controls on nonsalary expenditure","Total","Internal controls on nonsalary expenditure","196-PEFA-Total",NA,NA,NA,NA,NA,NA,NA,NA,NA,NA,NA,NA,NA,NA,NA,NA,NA,NA,NA,NA,"","",""
"123","iperformance ealuation for serice deliery-PEFA-Total","PEFA","iPerformance ealuation for serice deliery","Total","iPerformance ealuation for serice deliery","130-PEFA-Total",NA,NA,NA,NA,NA,NA,NA,NA,NA,NA,NA,NA,NA,NA,NA,NA,NA,NA,NA,NA,"","",""
"124","issuance of recommended actions by the legislature and implementation by the executive-PEFA-Total","PEFA","iii Issuance of recommended actions by the legislature and implementation by the executive","Total","iii Issuance of recommended actions by the legislature and implementation by the executive","98-PEFA-Total","1 D 1.5 D+ 2 C 2.5 C+ 3 B 3.5 B+ 4 A","1 D 1.5 D+ 2 C 2.5 C+ 3 B 3.5 B+ 4 A","Encoded Values",4.531,"Public Sector Management","Public Expenditure Management","Other","Issuance of recommended actions by the Legislature and implementation by the executive (iii) ","",NA,"","","","","",NA,"","","","","","",""
"125","isupreme audit institution sai independence-PEFA-Total","PEFA","iSupreme Audit Institution SAI independence","Total","iSupreme Audit Institution SAI independence","218-PEFA-Total",NA,NA,NA,NA,NA,NA,NA,NA,NA,NA,NA,NA,NA,NA,NA,NA,NA,NA,NA,NA,"","",""
"126","itiming of audit report scrutiny-PEFA-Total","PEFA","iTiming of audit report scrutiny","Total","iTiming of audit report scrutiny","220-PEFA-Total",NA,NA,NA,NA,NA,NA,NA,NA,NA,NA,NA,NA,NA,NA,NA,NA,NA,NA,NA,NA,"","",""
"127","itransparency of legislatie scrutiny of audit reports-PEFA-Total","PEFA","iTransparency of legislatie scrutiny of audit reports","Total","iTransparency of legislatie scrutiny of audit reports","223-PEFA-Total",NA,NA,NA,NA,NA,NA,NA,NA,NA,NA,NA,NA,NA,NA,NA,NA,NA,NA,NA,NA,"","",""
"128","legislatie scrutiny of audit reports-PEFA-Total","PEFA","Legislatie scrutiny of audit reports","Total","Legislatie scrutiny of audit reports","219-PEFA-Total",NA,NA,NA,NA,NA,NA,NA,NA,NA,NA,NA,NA,NA,NA,NA,NA,NA,NA,NA,NA,"","",""
"129","legislatie scrutiny of budgets-PEFA-Total","PEFA","Legislatie scrutiny of budgets","Total","Legislatie scrutiny of budgets","166-PEFA-Total",NA,NA,NA,NA,NA,NA,NA,NA,NA,NA,NA,NA,NA,NA,NA,NA,NA,NA,NA,NA,"","",""
"130","legislative scrutiny of external audit reports-PEFA-Total","PEFA","Legislative scrutiny of external audit reports","Total","Legislative scrutiny of external audit reports","95-PEFA-Total","1 D 1.5 D+ 2 C 2.5 C+ 3 B 3.5 B+ 4 A","1 D 1.5 D+ 2 C 2.5 C+ 3 B 3.5 B+ 4 A","Encoded Values",4.72,"Public Sector Management","Public Expenditure Management","Other","Legislative scrutiny of external audit reports","",NA,"","","","","",NA,"","","","","","",""
"131","legislative scrutiny of the annual budget law-PEFA-Total","PEFA","Legislative scrutiny of the annual budget law","Total","Legislative scrutiny of the annual budget law","90-PEFA-Total","1 D 1.5 D+ 2 C 2.5 C+ 3 B 3.5 B+ 4 A","1 D 1.5 D+ 2 C 2.5 C+ 3 B 3.5 B+ 4 A","Encoded Values",4.367,"Public Sector Management","Public Expenditure Management","Other","Legislative scrutiny of the annual budget law","",NA,"","","","","",NA,"","","","","","",""
"132","linkages between investment budgets and forward expenditure estimates-PEFA-Total","PEFA","iv Linkages between investment budgets and forward expenditure estimates","Total","iv Linkages between investment budgets and forward expenditure estimates","34-PEFA-Total","1 D 1.5 D+ 2 C 2.5 C+ 3 B 3.5 B+ 4 A","1 D 1.5 D+ 2 C 2.5 C+ 3 B 3.5 B+ 4 A","Encoded Values",4.922,"Public Sector Management","Public Expenditure Management","Other","Linkages between investment budgets and forward expenditure estimates (iv)","",NA,"","","","","",NA,"","","","","","",""
"133","macro-fiscal sensitiity analysis-PEFA-Total","PEFA","iii Macrofiscal sensitiity analysis","Total","iii Macrofiscal sensitiity analysis","152-PEFA-Total",NA,NA,NA,NA,NA,NA,NA,NA,NA,NA,NA,NA,NA,NA,NA,NA,NA,NA,NA,NA,"","",""
"134","macroeconomic and fiscal forecasting-PEFA-Total","PEFA","Macroeconomic and fiscal forecasting","Total","Macroeconomic and fiscal forecasting","149-PEFA-Total",NA,NA,NA,NA,NA,NA,NA,NA,NA,NA,NA,NA,NA,NA,NA,NA,NA,NA,NA,NA,"","",""
"135","macroeconomic forecasts-PEFA-Total","PEFA","i Macroeconomic forecasts","Total","i Macroeconomic forecasts","150-PEFA-Total",NA,NA,NA,NA,NA,NA,NA,NA,NA,NA,NA,NA,NA,NA,NA,NA,NA,NA,NA,NA,"","",""
"136","management of payroll changes-PEFA-Total","PEFA","ii Management of payroll changes","Total","ii Management of payroll changes","188-PEFA-Total",NA,NA,NA,NA,NA,NA,NA,NA,NA,NA,NA,NA,NA,NA,NA,NA,NA,NA,NA,NA,"","",""
"137","medium term perspectie in expenditure budgeting-PEFA-Total","PEFA","Medium term perspectie in expenditure budgeting","Total","Medium term perspectie in expenditure budgeting","157-PEFA-Total",NA,NA,NA,NA,NA,NA,NA,NA,NA,NA,NA,NA,NA,NA,NA,NA,NA,NA,NA,NA,"","",""
"138","mediumterm expenditure ceilings-PEFA-Total","PEFA","ii Mediumterm expenditure ceilings","Total","ii Mediumterm expenditure ceilings","159-PEFA-Total",NA,NA,NA,NA,NA,NA,NA,NA,NA,NA,NA,NA,NA,NA,NA,NA,NA,NA,NA,NA,"","",""
"139","monitoring of public corporations-PEFA-Total","PEFA","i Monitoring of public corporations","Total","i Monitoring of public corporations","133-PEFA-Total",NA,NA,NA,NA,NA,NA,NA,NA,NA,NA,NA,NA,NA,NA,NA,NA,NA,NA,NA,NA,"","",""
"140","monitoring of subnational goernment sng-PEFA-Total","PEFA","ii Monitoring of subnational goernment SNG","Total","ii Monitoring of subnational goernment SNG","134-PEFA-Total",NA,NA,NA,NA,NA,NA,NA,NA,NA,NA,NA,NA,NA,NA,NA,NA,NA,NA,NA,NA,"","",""
"141","multiyear perspective in fiscal planning expenditure policy and budgeting-PEFA-Total","PEFA","Multiyear perspective in fiscal planning expenditure policy and budgeting","Total","Multiyear perspective in fiscal planning expenditure policy and budgeting","30-PEFA-Total","1 D 1.5 D+ 2 C 2.5 C+ 3 B 3.5 B+ 4 A","1 D 1.5 D+ 2 C 2.5 C+ 3 B 3.5 B+ 4 A","Encoded Values",4.265,"Public Sector Management","Public Expenditure Management","Other","Multiyear perspective in fiscal planning expenditure policy and budgeting","",NA,"","","","","",NA,"","","","","","",""
"142","nature of audits and standards applied-PEFA-Total","PEFA","ii Nature of audits and standards applied","Total","ii Nature of audits and standards applied","229-PEFA-Total",NA,NA,NA,NA,NA,NA,NA,NA,NA,NA,NA,NA,NA,NA,NA,NA,NA,NA,NA,NA,"","",""
"143","nonfinancial asset monitoring-PEFA-Total","PEFA","ii Nonfinancial asset monitoring","Total","ii Nonfinancial asset monitoring","143-PEFA-Total",NA,NA,NA,NA,NA,NA,NA,NA,NA,NA,NA,NA,NA,NA,NA,NA,NA,NA,NA,NA,"","",""
"144","number of the above listed elements of public access to information that is fulfilled in order to count in the assessment the full specification of the information benchmark must be met-PEFA-Total","PEFA","i Number of the above listed elements of public access to information that is fulfilled in order to count in the assessment the full specification of the information benchmark must be met","Total","i Number of the above listed elements of public access to information that is fulfilled in order to count in the assessment the full specification of the information benchmark must be met","25-PEFA-Total","1 D 1.5 D+ 2 C 2.5 C+ 3 B 3.5 B+ 4 A","1 D 1.5 D+ 2 C 2.5 C+ 3 B 3.5 B+ 4 A","Encoded Values",5.051,"Public Sector Management","Public Expenditure Management","Other","Number of the above listed elements of public access to information that is fulfilled in order to count in the assessment the full specification of the information benchmark must be met (i)","",NA,"","","","","",NA,"","","","","","",""
"145","orderliness and participation in the annual budget process-PEFA-Total","PEFA","Orderliness and participation in the annual budget process","Total","Orderliness and participation in the annual budget process","26-PEFA-Total","1 D 1.5 D+ 2 C 2.5 C+ 3 B 3.5 B+ 4 A","1 D 1.5 D+ 2 C 2.5 C+ 3 B 3.5 B+ 4 A","Encoded Values",4.089,"Public Sector Management","Public Expenditure Management","Other","Orderliness and participation in the annual budget process","",NA,"","","","","",NA,"","","","","","",""
"146","overall proportation of aid funds to central government that are managed through national procedures-PEFA-Total","PEFA","i Overall proportation of aid funds to central government that are managed through national procedures","Total","i Overall proportation of aid funds to central government that are managed through national procedures","106-PEFA-Total",NA,NA,NA,NA,NA,NA,NA,NA,NA,NA,NA,NA,NA,NA,NA,NA,NA,NA,NA,NA,"","",""
"147","oversight of aggregate fiscal risk from other public sector entities-PEFA-Total","PEFA","Oversight of aggregate fiscal risk from other public sector entities","Total","Oversight of aggregate fiscal risk from other public sector entities","21-PEFA-Total","1 D 1.5 D+ 2 C 2.5 C+ 3 B 3.5 B+ 4 A","1 D 1.5 D+ 2 C 2.5 C+ 3 B 3.5 B+ 4 A","Encoded Values",4.67,"Public Sector Management","Public Expenditure Management","Other","Oversight of aggregate fiscal risk from other public sector entities","",NA,"","","","","",NA,"","","","","","",""
"148","payroll audit-PEFA-Total","PEFA","i Payroll audit","Total","i Payroll audit","190-PEFA-Total",NA,NA,NA,NA,NA,NA,NA,NA,NA,NA,NA,NA,NA,NA,NA,NA,NA,NA,NA,NA,"","",""
"149","payroll controls-PEFA-Total","PEFA","Payroll controls","Total","Payroll controls","186-PEFA-Total",NA,NA,NA,NA,NA,NA,NA,NA,NA,NA,NA,NA,NA,NA,NA,NA,NA,NA,NA,NA,"","",""
"150","performance achieed for serice deliery-PEFA-Total","PEFA","ii Performance achieed for serice deliery","Total","ii Performance achieed for serice deliery","128-PEFA-Total",NA,NA,NA,NA,NA,NA,NA,NA,NA,NA,NA,NA,NA,NA,NA,NA,NA,NA,NA,NA,"","",""
"151","performance information for serice deliery-PEFA-Total","PEFA","Performance information for serice deliery","Total","Performance information for serice deliery","126-PEFA-Total",NA,NA,NA,NA,NA,NA,NA,NA,NA,NA,NA,NA,NA,NA,NA,NA,NA,NA,NA,NA,"","",""
"152","performance plans for serice deliery-PEFA-Total","PEFA","i Performance plans for serice deliery","Total","i Performance plans for serice deliery","127-PEFA-Total",NA,NA,NA,NA,NA,NA,NA,NA,NA,NA,NA,NA,NA,NA,NA,NA,NA,NA,NA,NA,"","",""
"153","planning and monitoring of tax audit and fraud investigation programs-PEFA-Total","PEFA","iii Planning and monitoring of tax audit and fraud investigation programs","Total","iii Planning and monitoring of tax audit and fraud investigation programs","42-PEFA-Total","1 D 1.5 D+ 2 C 2.5 C+ 3 B 3.5 B+ 4 A","1 D 1.5 D+ 2 C 2.5 C+ 3 B 3.5 B+ 4 A","Encoded Values",5.091,"Public Sector Management","Public Expenditure Management","Other","Planning and monitoring of tax audit and fraud investigation programs (iii)","",NA,"","","","","",NA,"","","","","","",""
"154","predictability in the availability of funds for commitment of expenditures-PEFA-Total","PEFA","Predictability in the availability of funds for commitment of expenditures","Total","Predictability in the availability of funds for commitment of expenditures","47-PEFA-Total","1 D 1.5 D+ 2 C 2.5 C+ 3 B 3.5 B+ 4 A","1 D 1.5 D+ 2 C 2.5 C+ 3 B 3.5 B+ 4 A","Encoded Values",4.626,"Public Sector Management","Public Expenditure Management","Other","Predictability in the availability of funds for commitment of expenditures","",NA,"","","","","",NA,"","","","","","",""
"155","predictability of direct budget support-PEFA-Total","PEFA","Predictability of Direct Budget Support","Total","Predictability of Direct Budget Support","99-PEFA-Total","1 D 1.5 D+ 2 C 2.5 C+ 3 B 3.5 B+ 4 A","1 D 1.5 D+ 2 C 2.5 C+ 3 B 3.5 B+ 4 A","Encoded Values",4.172,"Public Sector Management","Public Expenditure Management","Other","Predictability of Direct Budget Support","",NA,"","","","","",NA,"","","","","","",""
"156","predictability of in-year resource allocation-PEFA-Total","PEFA","Predictability of inyear resource allocation","Total","Predictability of inyear resource allocation","180-PEFA-Total",NA,NA,NA,NA,NA,NA,NA,NA,NA,NA,NA,NA,NA,NA,NA,NA,NA,NA,NA,NA,"","",""
"157","predictability of transfers from higher level of government-PEFA-Total","PEFA","Predictability of Transfers from Higher Level of Government","Total","Predictability of Transfers from Higher Level of Government","108-PEFA-Total","1 D 1.5 D+ 2 C 2.5 C+ 3 B 3.5 B+ 4 A","1 D 1.5 D+ 2 C 2.5 C+ 3 B 3.5 B+ 4 A","Encoded Values",4.745,"Public Sector Management","Public Expenditure Management","Other","Predictability of Transfers from Higher Level of Government","",NA,"","","","","",NA,"","","","","","",""
"158","preparation of multi year fiscal forecasts and functional allocations-PEFA-Total","PEFA","i Preparation of multi year fiscal forecasts and functional allocations","Total","i Preparation of multi year fiscal forecasts and functional allocations","31-PEFA-Total","1 D 1.5 D+ 2 C 2.5 C+ 3 B 3.5 B+ 4 A","1 D 1.5 D+ 2 C 2.5 C+ 3 B 3.5 B+ 4 A","Encoded Values",4.103,"Public Sector Management","Public Expenditure Management","Other","Preparation of multi year fiscal forecasts and functional allocations (i)","",NA,"","","","","",NA,"","","","","","",""
"159","procurement complaints management-PEFA-Total","PEFA","i Procurement complaints management","Total","i Procurement complaints management","195-PEFA-Total",NA,NA,NA,NA,NA,NA,NA,NA,NA,NA,NA,NA,NA,NA,NA,NA,NA,NA,NA,NA,"","",""
"160","procurement methods-PEFA-Total","PEFA","ii Procurement methods","Total","ii Procurement methods","193-PEFA-Total",NA,NA,NA,NA,NA,NA,NA,NA,NA,NA,NA,NA,NA,NA,NA,NA,NA,NA,NA,NA,"","",""
"161","procurement monitoring-PEFA-Total","PEFA","i Procurement monitoring","Total","i Procurement monitoring","192-PEFA-Total",NA,NA,NA,NA,NA,NA,NA,NA,NA,NA,NA,NA,NA,NA,NA,NA,NA,NA,NA,NA,"","",""
"162","procurement-PEFA-Total","PEFA","Procurement","Total","Procurement","191-PEFA-Total",NA,NA,NA,NA,NA,NA,NA,NA,NA,NA,NA,NA,NA,NA,NA,NA,NA,NA,NA,NA,"","",""
"163","proportion of aid that is managed by use of national procedures-PEFA-Total","PEFA","Proportion of aid that is managed by use of national procedures","Total","Proportion of aid that is managed by use of national procedures","105-PEFA-Total","1 D 1.5 D+ 2 C 2.5 C+ 3 B 3.5 B+ 4 A","1 D 1.5 D+ 2 C 2.5 C+ 3 B 3.5 B+ 4 A","Encoded Values",5.058,"Public Sector Management","Public Expenditure Management","Other","Proportion of aid that is managed by use of national procedures","",NA,"","","","","",NA,"","","","","","",""
"164","public access to complete reliable and timely procurement information-PEFA-Total","PEFA","iii Public access to complete reliable and timely procurment information","Total","iii Public access to complete reliable and timely procurment information","63-PEFA-Total","1 D 1.5 D+ 2 C 2.5 C+ 3 B 3.5 B+ 4 A","1 D 1.5 D+ 2 C 2.5 C+ 3 B 3.5 B+ 4 A","Encoded Values",4.432,"Public Sector Management","Public Expenditure Management","Other","Public access to complete reliable and timely procurement information (iii)¥Ë_","",NA,"","","","","",NA,"","","","","","",""
"165","public access to information-PEFA-Total","PEFA","Public access to information","Total","Public access to information","131-PEFA-Total",NA,NA,NA,NA,NA,NA,NA,NA,NA,NA,NA,NA,NA,NA,NA,NA,NA,NA,NA,NA,"","",""
"166","public access to key fiscal information-PEFA-Total","PEFA","Public access to key fiscal information","Total","Public access to key fiscal information","24-PEFA-Total","1 D 1.5 D+ 2 C 2.5 C+ 3 B 3.5 B+ 4 A","1 D 1.5 D+ 2 C 2.5 C+ 3 B 3.5 B+ 4 A","Encoded Values",4.346,"Public Sector Management","Public Expenditure Management","Other","Public access to key fiscal information","",NA,"","","","","",NA,"","","","","","",""
"167","public access to procurement information-PEFA-Total","PEFA","iii Public access to procurement information","Total","iii Public access to procurement information","194-PEFA-Total",NA,NA,NA,NA,NA,NA,NA,NA,NA,NA,NA,NA,NA,NA,NA,NA,NA,NA,NA,NA,"","",""
"168","public asset management-PEFA-Total","PEFA","Public asset management","Total","Public asset management","141-PEFA-Total",NA,NA,NA,NA,NA,NA,NA,NA,NA,NA,NA,NA,NA,NA,NA,NA,NA,NA,NA,NA,"","",""
"169","public inestment management-PEFA-Total","PEFA","Public inestment management","Total","Public inestment management","136-PEFA-Total",NA,NA,NA,NA,NA,NA,NA,NA,NA,NA,NA,NA,NA,NA,NA,NA,NA,NA,NA,NA,"","",""
"170","quality and timeliness of annual financial statements-PEFA-Total","PEFA","Quality and timeliness of annual financial statements","Total","Quality and timeliness of annual financial statements","82-PEFA-Total","1 D 1.5 D+ 2 C 2.5 C+ 3 B 3.5 B+ 4 A","1 D 1.5 D+ 2 C 2.5 C+ 3 B 3.5 B+ 4 A","Encoded Values",4.661,"Public Sector Management","Public Expenditure Management","Other","Quality and timeliness of annual financial statements","",NA,"","","","","",NA,"","","","","","",""
"171","quality and timeliness of in-year budget reports-PEFA-Total","PEFA","Quality and timeliness of inyear budget reports","Total","Quality and timeliness of inyear budget reports","78-PEFA-Total","1 D 1.5 D+ 2 C 2.5 C+ 3 B 3.5 B+ 4 A","1 D 1.5 D+ 2 C 2.5 C+ 3 B 3.5 B+ 4 A","Encoded Values",4.889,"Public Sector Management","Public Expenditure Management","Other","Quality and timeliness of in-year budget reports¥Ë_","",NA,"","","","","",NA,"","","","","","",""
"172","quality of debt data recording and reporting-PEFA-Total","PEFA","i Quality of debt data recording and reporting","Total","i Quality of debt data recording and reporting","52-PEFA-Total","1 D 1.5 D+ 2 C 2.5 C+ 3 B 3.5 B+ 4 A","1 D 1.5 D+ 2 C 2.5 C+ 3 B 3.5 B+ 4 A","Encoded Values",4.441,"Public Sector Management","Public Expenditure Management","Other","Quality of debt data recording and reporting (i)","",NA,"","","","","",NA,"","","","","","",""
"173","quality of information-PEFA-Total","PEFA","iii Quality of information","Total","iii Quality of information","81-PEFA-Total","1 D 1.5 D+ 2 C 2.5 C+ 3 B 3.5 B+ 4 A","1 D 1.5 D+ 2 C 2.5 C+ 3 B 3.5 B+ 4 A","Encoded Values",4.052,"Public Sector Management","Public Expenditure Management","Other","Quality of information (iii)","",NA,"","","","","",NA,"","","","","","",""
"174","recommendations on audit by the legislature-PEFA-Total","PEFA","iii Recommendations on audit by the legislature","Total","iii Recommendations on audit by the legislature","222-PEFA-Total",NA,NA,NA,NA,NA,NA,NA,NA,NA,NA,NA,NA,NA,NA,NA,NA,NA,NA,NA,NA,"","",""
"175","recording and management of cash balances debt and guarantees-PEFA-Total","PEFA","Recording and management of cash balances debt and guarantees","Total","Recording and management of cash balances debt and guarantees","51-PEFA-Total","1 D 1.5 D+ 2 C 2.5 C+ 3 B 3.5 B+ 4 A","1 D 1.5 D+ 2 C 2.5 C+ 3 B 3.5 B+ 4 A","Encoded Values",4.047,"Public Sector Management","Public Expenditure Management","Other","Recording and management of cash balances debt and guarantees","",NA,"","","","","",NA,"","","","","","",""
"176","recording and reporting of debt and guarantees-PEFA-Total","PEFA","i Recording and reporting of debt and guarantees","Total","i Recording and reporting of debt and guarantees","146-PEFA-Total",NA,NA,NA,NA,NA,NA,NA,NA,NA,NA,NA,NA,NA,NA,NA,NA,NA,NA,NA,NA,"","",""
"177","reenue administration-PEFA-Total","PEFA","Reenue administration","Total","Reenue administration","171-PEFA-Total",NA,NA,NA,NA,NA,NA,NA,NA,NA,NA,NA,NA,NA,NA,NA,NA,NA,NA,NA,NA,"","",""
"178","reenue audit and inestigation-PEFA-Total","PEFA","iii Reenue audit and inestigation","Total","iii Reenue audit and inestigation","174-PEFA-Total",NA,NA,NA,NA,NA,NA,NA,NA,NA,NA,NA,NA,NA,NA,NA,NA,NA,NA,NA,NA,"","",""
"179","reenue composition out-turn-PEFA-Total","PEFA","ii Reenue composition outturn","Total","ii Reenue composition outturn","119-PEFA-Total",NA,NA,NA,NA,NA,NA,NA,NA,NA,NA,NA,NA,NA,NA,NA,NA,NA,NA,NA,NA,"","",""
"180","reenue out-turn -PEFA-Total","PEFA","Reenue outturn ","Total","Reenue outturn ","117-PEFA-Total",NA,NA,NA,NA,NA,NA,NA,NA,NA,NA,NA,NA,NA,NA,NA,NA,NA,NA,NA,NA,"","",""
"181","reenue outside financial reports-PEFA-Total","PEFA","ii Reenue outside financial reports","Total","ii Reenue outside financial reports","225-PEFA-Total",NA,NA,NA,NA,NA,NA,NA,NA,NA,NA,NA,NA,NA,NA,NA,NA,NA,NA,NA,NA,"","",""
"182","reenue risk management-PEFA-Total","PEFA","ii Reenue risk management","Total","ii Reenue risk management","173-PEFA-Total",NA,NA,NA,NA,NA,NA,NA,NA,NA,NA,NA,NA,NA,NA,NA,NA,NA,NA,NA,NA,"","",""
"183","regularity of bank reconciliations-PEFA-Total","PEFA","i Regularity of bank reconciliations","Total","i Regularity of bank reconciliations","74-PEFA-Total","1 D 1.5 D+ 2 C 2.5 C+ 3 B 3.5 B+ 4 A","1 D 1.5 D+ 2 C 2.5 C+ 3 B 3.5 B+ 4 A","Encoded Values",4.033,"Public Sector Management","Public Expenditure Management","Other","Regularity of bank reconciliations (i)","",NA,"","","","","",NA,"","","","","","",""
"184","regularity of reconciliation and clearance of suspense accounts and advances-PEFA-Total","PEFA","ii Regularity of reconciliation and clearance of suspense accounts and advances","Total","ii Regularity of reconciliation and clearance of suspense accounts and advances","75-PEFA-Total","1 D 1.5 D+ 2 C 2.5 C+ 3 B 3.5 B+ 4 A","1 D 1.5 D+ 2 C 2.5 C+ 3 B 3.5 B+ 4 A","Encoded Values",4.436,"Public Sector Management","Public Expenditure Management","Other","Regularity of reconciliation and clearance of suspense accounts and advances (ii)","",NA,"","","","","",NA,"","","","","","",""
"185","reliability and horizon of periodic in-year information to mdas on ceilings for expenditure commitments-PEFA-Total","PEFA","ii Reliability and horizon of periodic inyear information to MDAs on ceilings for expenditure commitmentc","Total","ii Reliability and horizon of periodic inyear information to MDAs on ceilings for expenditure commitmentc","49-PEFA-Total","1 D 1.5 D+ 2 C 2.5 C+ 3 B 3.5 B+ 4 A","1 D 1.5 D+ 2 C 2.5 C+ 3 B 3.5 B+ 4 A","Encoded Values",4.123,"Public Sector Management","Public Expenditure Management","Other","Reliability and horizon of periodic in-year information to MDAs on ceilings for expenditure commitments (ii) ¥Ë_","",NA,"","","","","",NA,"","","","","","",""
"186","reporting on fiscal outcomes-PEFA-Total","PEFA","iii Reporting on fiscal outcomes","Total","iii Reporting on fiscal outcomes","156-PEFA-Total",NA,NA,NA,NA,NA,NA,NA,NA,NA,NA,NA,NA,NA,NA,NA,NA,NA,NA,NA,NA,"","",""
"187","resources receied by serice deliery units-PEFA-Total","PEFA","iii Resources receied by serice deliery units","Total","iii Resources receied by serice deliery units","129-PEFA-Total",NA,NA,NA,NA,NA,NA,NA,NA,NA,NA,NA,NA,NA,NA,NA,NA,NA,NA,NA,NA,"","",""
"188","response to internal audits-PEFA-Total","PEFA","i Response to internal audits","Total","i Response to internal audits","231-PEFA-Total",NA,NA,NA,NA,NA,NA,NA,NA,NA,NA,NA,NA,NA,NA,NA,NA,NA,NA,NA,NA,"","",""
"189","rights and obligations for reenue measures-PEFA-Total","PEFA","i Rights and obligations for reenue measures","Total","i Rights and obligations for reenue measures","172-PEFA-Total",NA,NA,NA,NA,NA,NA,NA,NA,NA,NA,NA,NA,NA,NA,NA,NA,NA,NA,NA,NA,"","",""
"190","rules for budget adjustments by the executie-PEFA-Total","PEFA","i Rules for budget adjustments by the executie","Total","i Rules for budget adjustments by the executie","170-PEFA-Total",NA,NA,NA,NA,NA,NA,NA,NA,NA,NA,NA,NA,NA,NA,NA,NA,NA,NA,NA,NA,"","",""
"191","rules for in-year amendments to the budget without ex-ante approval by the legislature-PEFA-Total","PEFA","iv Rules for inyear amendments to the budget without exante approval by the legislature","Total","iv Rules for inyear amendments to the budget without exante approval by the legislature","94-PEFA-Total","1 D 1.5 D+ 2 C 2.5 C+ 3 B 3.5 B+ 4 A","1 D 1.5 D+ 2 C 2.5 C+ 3 B 3.5 B+ 4 A","Encoded Values",4.906,"Public Sector Management","Public Expenditure Management","Other","Rules for in-year amendments to the budget without ex-ante approval by the legislature (iv) ","",NA,"","","","","",NA,"","","","","","",""
"192","scope and frequency of debt sustainability analysis-PEFA-Total","PEFA","ii Scope and frequency of debt sustainability analysis","Total","ii Scope and frequency of debt sustainability analysis","32-PEFA-Total","1 D 1.5 D+ 2 C 2.5 C+ 3 B 3.5 B+ 4 A","1 D 1.5 D+ 2 C 2.5 C+ 3 B 3.5 B+ 4 A","Encoded Values",4.695,"Public Sector Management","Public Expenditure Management","Other","Scope and frequency of debt sustainability analysis (ii)","",NA,"","","","","",NA,"","","","","","",""
"193","scope nature and follow-up of external audit-PEFA-Total","PEFA","Scope nature and followup of external audit","Total","Scope nature and followup of external audit","86-PEFA-Total","1 D 1.5 D+ 2 C 2.5 C+ 3 B 3.5 B+ 4 A","1 D 1.5 D+ 2 C 2.5 C+ 3 B 3.5 B+ 4 A","Encoded Values",4.403,"Public Sector Management","Public Expenditure Management","Other","Scope nature and follow-up of external audit","",NA,"","","","","",NA,"","","","","","",""
"194","scope of budget scrutiny-PEFA-Total","PEFA","i Scope of budget scrutiny","Total","i Scope of budget scrutiny","167-PEFA-Total",NA,NA,NA,NA,NA,NA,NA,NA,NA,NA,NA,NA,NA,NA,NA,NA,NA,NA,NA,NA,"","",""
"195","scope of reports in terms of coverage and compatibility with budget estimates-PEFA-Total","PEFA","i Scope of reports in terms of coverage and compatibility with budget estimates","Total","i Scope of reports in terms of coverage and compatibility with budget estimates","79-PEFA-Total","1 D 1.5 D+ 2 C 2.5 C+ 3 B 3.5 B+ 4 A","1 D 1.5 D+ 2 C 2.5 C+ 3 B 3.5 B+ 4 A","Encoded Values",4.666,"Public Sector Management","Public Expenditure Management","Other","Scope of reports in terms of coverage and compatibility with budget estimates (i)","",NA,"","","","","",NA,"","","","","","",""
"196","scope of the legislature’s scrutiny-PEFA-Total","PEFA","i Scope of the legislature’s scrutiny","Total","i Scope of the legislature’s scrutiny","91-PEFA-Total","1 D 1.5 D+ 2 C 2.5 C+ 3 B 3.5 B+ 4 A","1 D 1.5 D+ 2 C 2.5 C+ 3 B 3.5 B+ 4 A","Encoded Values",4.656,"Public Sector Management","Public Expenditure Management","Other","Scope of the legislatures scrutiny (i)","",NA,"","","","","",NA,"","","","","","",""
"197","scopenature of audit performed incl adherence to auditing standards-PEFA-Total","PEFA","i Scopenature of audit performed incl adherence to auditing standards","Total","i Scopenature of audit performed incl adherence to auditing standards","87-PEFA-Total",NA,NA,NA,NA,NA,NA,NA,NA,NA,NA,NA,NA,NA,NA,NA,NA,NA,NA,NA,NA,"","",""
"198","segregation of duties-PEFA-Total","PEFA","i Segregation of duties","Total","i Segregation of duties","197-PEFA-Total",NA,NA,NA,NA,NA,NA,NA,NA,NA,NA,NA,NA,NA,NA,NA,NA,NA,NA,NA,NA,"","",""
"199","share of the listed information under pi6 in the pfm pmf booklet in the budget documentation most recently issued by the central government in order to count in the assessment the full specification of the information benchmark must be met-PEFA-Total","PEFA","i Share of the listed information under PI6 in the PFM PMF booklet in the budget documentation most recently issued by the central government in order to count in the assessment the full specification of the information benchmark must be met","Total","i Share of the listed information under PI6 in the PFM PMF booklet in the budget documentation most recently issued by the central government in order to count in the assessment the full specification of the information benchmark must be met","14-PEFA-Total",NA,NA,NA,NA,NA,NA,NA,NA,NA,NA,NA,NA,NA,NA,NA,NA,NA,NA,NA,NA,"","",""
"200","significance of in-year budget adjustments-PEFA-Total","PEFA","i Significance of inyear budget adjustments","Total","i Significance of inyear budget adjustments","184-PEFA-Total",NA,NA,NA,NA,NA,NA,NA,NA,NA,NA,NA,NA,NA,NA,NA,NA,NA,NA,NA,NA,"","",""
"201","stock and monitoring of expenditure payment arrears-PEFA-Total","PEFA","Stock and monitoring of expenditure payment arrears","Total","Stock and monitoring of expenditure payment arrears","8-PEFA-Total","1 D 1.5 D+ 2 C 2.5 C+ 3 B 3.5 B+ 4 A","1 D 1.5 D+ 2 C 2.5 C+ 3 B 3.5 B+ 4 A","Encoded Values",4.564,"Public Sector Management","Public Expenditure Management","Other","Stock and monitoring of expenditure payment arrears","",NA,"","","","","",NA,"","","","","","",""
"202","stock of expenditure arrears-PEFA-Total","PEFA","i Stock of expenditure arrears","Total","i Stock of expenditure arrears","232-PEFA-Total",NA,NA,NA,NA,NA,NA,NA,NA,NA,NA,NA,NA,NA,NA,NA,NA,NA,NA,NA,NA,"","",""
"203","stock of expenditure payment arrears as a percentage of actual total expenditure for the corresponding fiscal year and any recent change in the stock-PEFA-Total","PEFA","i Stock of expenditure payment arrears as a percentage of actual total expenditure for the corresponding fiscal year and any recent change in the stock","Total","i Stock of expenditure payment arrears as a percentage of actual total expenditure for the corresponding fiscal year and any recent change in the stock","9-PEFA-Total","1 D 1.5 D+ 2 C 2.5 C+ 3 B 3.5 B+ 4 A","1 D 1.5 D+ 2 C 2.5 C+ 3 B 3.5 B+ 4 A","Encoded Values",4.744,"Public Sector Management","Public Expenditure Management","Other","Stock of expenditure payment arrears as a percentage of actual total expenditure for the corresponding fiscal year and any recent change in the stock (i)","",NA,"","","","","",NA,"","","","","","",""
"204","submission of audit reports to the legislature-PEFA-Total","PEFA","ii Submission of audit reports to the legislature","Total","ii Submission of audit reports to the legislature","216-PEFA-Total",NA,NA,NA,NA,NA,NA,NA,NA,NA,NA,NA,NA,NA,NA,NA,NA,NA,NA,NA,NA,"","",""
"205","submission of reports for external audit-PEFA-Total","PEFA","ii Submission of reports for external audit","Total","ii Submission of reports for external audit","212-PEFA-Total",NA,NA,NA,NA,NA,NA,NA,NA,NA,NA,NA,NA,NA,NA,NA,NA,NA,NA,NA,NA,"","",""
"206","suspense accounts-PEFA-Total","PEFA","ii Suspense accounts","Total","ii Suspense accounts","203-PEFA-Total",NA,NA,NA,NA,NA,NA,NA,NA,NA,NA,NA,NA,NA,NA,NA,NA,NA,NA,NA,NA,"","",""
"207","system for allocating transfers-PEFA-Total","PEFA","i System for allocating transfers","Total","i System for allocating transfers","124-PEFA-Total",NA,NA,NA,NA,NA,NA,NA,NA,NA,NA,NA,NA,NA,NA,NA,NA,NA,NA,NA,NA,"","",""
"208","systems for contracting loans and issuance of guarantees-PEFA-Total","PEFA","iii Systems for contracting loans and issuance of guarantees","Total","iii Systems for contracting loans and issuance of guarantees","54-PEFA-Total","1 D 1.5 D+ 2 C 2.5 C+ 3 B 3.5 B+ 4 A","1 D 1.5 D+ 2 C 2.5 C+ 3 B 3.5 B+ 4 A","Encoded Values",5.115,"Public Sector Management","Public Expenditure Management","Other","Systems for contracting loans and issuance of guarantees (iii)","",NA,"","","","","",NA,"","","","","","",""
"209","taxpayer access to information on tax liabilities and administrative procedures-PEFA-Total","PEFA","ii Taxpayer access to information on tax liabilities and administrative procedures","Total","ii Taxpayer access to information on tax liabilities and administrative procedures","37-PEFA-Total","1 D 1.5 D+ 2 C 2.5 C+ 3 B 3.5 B+ 4 A","1 D 1.5 D+ 2 C 2.5 C+ 3 B 3.5 B+ 4 A","Encoded Values",4.128,"Public Sector Management","Public Expenditure Management","Other","Taxpayer access to information on tax liabilities and administrative procedures (ii)","",NA,"","","","","",NA,"","","","","","",""
"210","the average amount of expenditure actually charged to the contingency vote over the last three years-PEFA-Total","PEFA","ii The average amount of expenditure actually charged to the contingency vote over the last three years","Total","ii The average amount of expenditure actually charged to the contingency vote over the last three years","5-PEFA-Total","1 D 1.5 D+ 2 C 2.5 C+ 3 B 3.5 B+ 4 A","1 D 1.5 D+ 2 C 2.5 C+ 3 B 3.5 B+ 4 A","Encoded Values",4.612,"Public Sector Management","Public Expenditure Management","Other","The average amount of expenditure actually charged to the contingency vote over the last three years (ii)","",NA,"","","","","",NA,"","","","","","",""
"211","the classification system used for formulation execution and reporting of the central governments budget-PEFA-Total","PEFA","i The classification system used for formulation execution and reporting of the central governments budget","Total","i The classification system used for formulation execution and reporting of the central governments budget","12-PEFA-Total","1 D 1.5 D+ 2 C 2.5 C+ 3 B 3.5 B+ 4 A","1 D 1.5 D+ 2 C 2.5 C+ 3 B 3.5 B+ 4 A","Encoded Values",4.936,"Public Sector Management","Public Expenditure Management","Other","The classification system used for formulation execution and reporting of the central governments budget (i)","",NA,"","","","","",NA,"","","","","","",""
"212","the difference between actual primary expenditure and the originally budgeted primary expenditure ie excluding debt service charges but also excluding-PEFA-Total","PEFA","i The difference between actual primary expenditure and the originally budgeted primary expenditure ie excluding debt service charges but also excluding","Total","i The difference between actual primary expenditure and the originally budgeted primary expenditure ie excluding debt service charges but also excluding","2-PEFA-Total","1 D 1.5 D+ 2 C 2.5 C+ 3 B 3.5 B+ 4 A","1 D 1.5 D+ 2 C 2.5 C+ 3 B 3.5 B+ 4 A","Encoded Values",4.427,"Public Sector Management","Public Expenditure Management","Other","The difference between actual primary expenditure and the originally budgeted primary expenditure ie excluding debt service charges but also excluding (i)","",NA,"","","","","",NA,"","","","","","",""
"213","the level of extra-budgetary expenditure other than donor funded projects which is unreported ie not included in fiscal reports-PEFA-Total","PEFA","i The level of extrabudgetary expenditure other than donor funded projects which is unreported ie not included in fiscal reports","Total","i The level of extrabudgetary expenditure other than donor funded projects which is unreported ie not included in fiscal reports","16-PEFA-Total",NA,NA,NA,NA,NA,NA,NA,NA,NA,NA,NA,NA,NA,NA,NA,NA,NA,NA,NA,NA,"","",""
"214","timeliness and regularity of accounts reconciliation-PEFA-Total","PEFA","Timeliness and regularity of accounts reconciliation","Total","Timeliness and regularity of accounts reconciliation","73-PEFA-Total","1 D 1.5 D+ 2 C 2.5 C+ 3 B 3.5 B+ 4 A","1 D 1.5 D+ 2 C 2.5 C+ 3 B 3.5 B+ 4 A","Encoded Values",4.107,"Public Sector Management","Public Expenditure Management","Other","Timeliness and regularity of accounts reconciliation","",NA,"","","","","",NA,"","","","","","",""
"215","timeliness of changes to personnel records and the payroll-PEFA-Total","PEFA","ii Timeliness of changes to personnel records and the payroll","Total","ii Timeliness of changes to personnel records and the payroll","57-PEFA-Total","1 D 1.5 D+ 2 C 2.5 C+ 3 B 3.5 B+ 4 A","1 D 1.5 D+ 2 C 2.5 C+ 3 B 3.5 B+ 4 A","Encoded Values",4.416,"Public Sector Management","Public Expenditure Management","Other","Timeliness of changes to personnel records and the payroll (ii)","",NA,"","","","","",NA,"","","","","","",""
"216","timeliness of examination of audit reports by the legislature for reports received within the last three years-PEFA-Total","PEFA","i Timeliness of examination of audit reports by the legislature for reports received within the last three years","Total","i Timeliness of examination of audit reports by the legislature for reports received within the last three years","96-PEFA-Total","1 D 1.5 D+ 2 C 2.5 C+ 3 B 3.5 B+ 4 A","1 D 1.5 D+ 2 C 2.5 C+ 3 B 3.5 B+ 4 A","Encoded Values",4.868,"Public Sector Management","Public Expenditure Management","Other","Timeliness of examination of audit reports by the Legislature for reports received within the last three years (i) ","",NA,"","","","","",NA,"","","","","","",""
"217","timeliness of information on transfers-PEFA-Total","PEFA","ii Timeliness of information on transfers","Total","ii Timeliness of information on transfers","125-PEFA-Total",NA,NA,NA,NA,NA,NA,NA,NA,NA,NA,NA,NA,NA,NA,NA,NA,NA,NA,NA,NA,"","",""
"218","timeliness of reliable information to sn governments on their allocations from central government for the coming year-PEFA-Total","PEFA","ii Timeliness of reliable information to SN governments on their allocations from central government for the coming year","Total","ii Timeliness of reliable information to SN governments on their allocations from central government for the coming year","107-PEFA-Total","1 D 1.5 D+ 2 C 2.5 C+ 3 B 3.5 B+ 4 A","1 D 1.5 D+ 2 C 2.5 C+ 3 B 3.5 B+ 4 A","Encoded Values",4.101,"Public Sector Management","Public Expenditure Management","Other","Timeliness of reliable information to SN governments on their allocations from central government for the coming year (ii)","",NA,"","","","","",NA,"","","","","","",""
"219","timeliness of submission of audit reports to legislature-PEFA-Total","PEFA","ii Timeliness of submission of audit reports to legislature","Total","ii Timeliness of submission of audit reports to legislature","88-PEFA-Total","1 D 1.5 D+ 2 C 2.5 C+ 3 B 3.5 B+ 4 A","1 D 1.5 D+ 2 C 2.5 C+ 3 B 3.5 B+ 4 A","Encoded Values",4.072,"Public Sector Management","Public Expenditure Management","Other","Timeliness of submission of audit reports to legislature (ii)","",NA,"","","","","",NA,"","","","","","",""
"220","timeliness of submission of the financial statements-PEFA-Total","PEFA","ii Timeliness of submission of the financial statements","Total","ii Timeliness of submission of the financial statements","84-PEFA-Total","1 D 1.5 D+ 2 C 2.5 C+ 3 B 3.5 B+ 4 A","1 D 1.5 D+ 2 C 2.5 C+ 3 B 3.5 B+ 4 A","Encoded Values",4.691,"Public Sector Management","Public Expenditure Management","Other","Timeliness of submission of the financial statements (ii)","",NA,"","","","","",NA,"","","","","","",""
"221","timeliness of the issue of reports-PEFA-Total","PEFA","ii Timeliness of the issue of reports","Total","ii Timeliness of the issue of reports","80-PEFA-Total","1 D 1.5 D+ 2 C 2.5 C+ 3 B 3.5 B+ 4 A","1 D 1.5 D+ 2 C 2.5 C+ 3 B 3.5 B+ 4 A","Encoded Values",4.756,"Public Sector Management","Public Expenditure Management","Other","Timeliness of the issue of reports (ii)","",NA,"","","","","",NA,"","","","","","",""
"222","timely budget approval by the legislature or similarly mandated body within the last three years-PEFA-Total","PEFA","iii Timely budget approval by the legislature or similarly mandated body within the last three years","Total","iii Timely budget approval by the legislature or similarly mandated body within the last three years","29-PEFA-Total","1 D 1.5 D+ 2 C 2.5 C+ 3 B 3.5 B+ 4 A","1 D 1.5 D+ 2 C 2.5 C+ 3 B 3.5 B+ 4 A","Encoded Values",4.164,"Public Sector Management","Public Expenditure Management","Other","Timely budget approval by the legislature or similarly mandated body within the last three years (iii)","",NA,"","","","","",NA,"","","","","","",""
"223","timing of in-year budget reports-PEFA-Total","PEFA","ii Timing of inyear budget reports","Total","ii Timing of inyear budget reports","208-PEFA-Total",NA,NA,NA,NA,NA,NA,NA,NA,NA,NA,NA,NA,NA,NA,NA,NA,NA,NA,NA,NA,"","",""
"224","transfer of reenue collections-PEFA-Total","PEFA","ii Transfer of reenue collections","Total","ii Transfer of reenue collections","178-PEFA-Total",NA,NA,NA,NA,NA,NA,NA,NA,NA,NA,NA,NA,NA,NA,NA,NA,NA,NA,NA,NA,"","",""
"225","transfers to subnational goernments-PEFA-Total","PEFA","Transfers to subnational goernments","Total","Transfers to subnational goernments","123-PEFA-Total",NA,NA,NA,NA,NA,NA,NA,NA,NA,NA,NA,NA,NA,NA,NA,NA,NA,NA,NA,NA,"","",""
"226","transparency competition and complaints mechanisms in procurement-PEFA-Total","PEFA","Transparency competition and complaints mechanisms in procurement","Total","Transparency competition and complaints mechanisms in procurement","60-PEFA-Total","1 D 1.5 D+ 2 C 2.5 C+ 3 B 3.5 B+ 4 A","1 D 1.5 D+ 2 C 2.5 C+ 3 B 3.5 B+ 4 A","Encoded Values",4.56,"Public Sector Management","Public Expenditure Management","Other","Transparency competition and complaints mechanisms in procurement","",NA,"","","","","",NA,"","","","","","",""
"227","transparency comprehensiveness and competition in the legal and regulatory framework-PEFA-Total","PEFA","i Transparency comprehensiveness and competition in the legal and regulatory framework","Total","i Transparency comprehensiveness and competition in the legal and regulatory framework","61-PEFA-Total","1 D 1.5 D+ 2 C 2.5 C+ 3 B 3.5 B+ 4 A","1 D 1.5 D+ 2 C 2.5 C+ 3 B 3.5 B+ 4 A","Encoded Values",4.242,"Public Sector Management","Public Expenditure Management","Other","Transparency comprehensiveness and competition in the legal and regulatory framework (i)","",NA,"","","","","",NA,"","","","","","",""
"228","transparency of asset disposal-PEFA-Total","PEFA","iii Transparency of asset disposal","Total","iii Transparency of asset disposal","144-PEFA-Total",NA,NA,NA,NA,NA,NA,NA,NA,NA,NA,NA,NA,NA,NA,NA,NA,NA,NA,NA,NA,"","",""
"229","transparency of intergovernmental fiscal relations-PEFA-Total","PEFA","Transparency of intergovernmental fiscal relations","Total","Transparency of intergovernmental fiscal relations","18-PEFA-Total","1 D 1.5 D+ 2 C 2.5 C+ 3 B 3.5 B+ 4 A","1 D 1.5 D+ 2 C 2.5 C+ 3 B 3.5 B+ 4 A","Encoded Values",4.091,"Public Sector Management","Public Expenditure Management","Other","Transparency of intergovernmental fiscal relations","",NA,"","","","","",NA,"","","","","","",""
"230","transparency of taxpayer obligations and liabilities-PEFA-Total","PEFA","Transparency of taxpayer obligations and liabilities","Total","Transparency of taxpayer obligations and liabilities","35-PEFA-Total","1 D 1.5 D+ 2 C 2.5 C+ 3 B 3.5 B+ 4 A","1 D 1.5 D+ 2 C 2.5 C+ 3 B 3.5 B+ 4 A","Encoded Values",4.351,"Public Sector Management","Public Expenditure Management","Other","Transparency of taxpayer obligations and liabilities","",NA,"","","","","",NA,"","","","","","",""
"231","transparent and rules based systems in the horizontal allocation among sn governments of unconditional and conditional transfers from central government both budgeted and actual allocations-PEFA-Total","PEFA","i Transparent and rules based systems in the horizontal allocation among SN governments of unconditional and conditional transfers from central government both budgeted and actual allocations","Total","i Transparent and rules based systems in the horizontal allocation among SN governments of unconditional and conditional transfers from central government both budgeted and actual allocations","19-PEFA-Total","1 D 1.5 D+ 2 C 2.5 C+ 3 B 3.5 B+ 4 A","1 D 1.5 D+ 2 C 2.5 C+ 3 B 3.5 B+ 4 A","Encoded Values",4.07,"Public Sector Management","Public Expenditure Management","Other","Transparent and rules based systems in the horizontal allocation among SN governments of unconditional and conditional transfers from central government both budgeted and actual allocations (i)","",NA,"","","","","",NA,"","","","","","",""
"232","use of competitive procurement methods-PEFA-Total","PEFA","ii Use of competitive procurement methods","Total","ii Use of competitive procurement methods","62-PEFA-Total","1 D 1.5 D+ 2 C 2.5 C+ 3 B 3.5 B+ 4 A","1 D 1.5 D+ 2 C 2.5 C+ 3 B 3.5 B+ 4 A","Encoded Values",4.788,"Public Sector Management","Public Expenditure Management","Other","Use of competitive procurement methods (ii)","",NA,"","","","","",NA,"","","","","","",""
